Date,Price,Open,High,Low,Vol.,Change %
01/01/2025,708.02,702.39,710.87,700.32,143020,0.80%
12/31/2024,702.39,705.36,714.75,698.62,244320,-0.42%
12/30/2024,705.36,694.71,712.17,687.96,312010,1.53%
12/29/2024,694.71,722.28,724.12,690.57,252030,-3.82%
12/28/2024,722.28,691.84,731.04,691.58,358390,4.41%
12/27/2024,691.79,689.55,710.85,685.88,360780,0.32%
12/26/2024,689.55,702.64,719.49,683.06,399280,-1.86%
12/25/2024,702.64,696.76,713.13,695.99,246440,0.84%
12/24/2024,696.76,694.04,698.9,682.89,404020,0.39%
12/23/2024,694.04,649.89,698.19,638.3,629320,6.79%
12/22/2024,649.89,663.12,669.59,639.79,346830,-1.99%
12/21/2024,663.12,678.67,692.94,652.54,549770,-2.29%
12/20/2024,678.67,665.42,679.9,619.23,1060000,1.99%
12/19/2024,665.43,687.39,704.85,650.03,899950,-3.19%
12/18/2024,687.39,717.52,721.99,683.67,773930,-4.20%
12/17/2024,717.52,720.45,736.53,712.82,531750,-0.41%
12/16/2024,720.45,718.61,729.99,704.37,515070,0.26%
12/15/2024,718.61,715.89,723.94,702.95,297320,0.38%
12/14/2024,715.89,725.74,731.91,705.32,359820,-1.37%
12/13/2024,725.86,705.71,729.76,697.71,574090,2.85%
12/12/2024,705.71,711.41,725.56,699.38,609490,-0.80%
12/11/2024,711.41,676.92,712.46,658.72,556730,5.10%
12/10/2024,676.92,689.21,704.59,650.0,1070000,-1.90%
12/09/2024,690.02,741.84,742.14,651.3,1120000,-6.99%
12/08/2024,741.84,749.46,757.14,728.07,355440,-1.02%
12/07/2024,749.46,730.44,760.48,729.86,463190,2.60%
12/06/2024,730.44,717.32,745.52,705.63,781270,1.83%
12/05/2024,717.32,739.23,739.23,693.03,1240000,-2.96%
12/04/2024,739.23,735.07,793.2,721.53,2210000,0.57%
12/03/2024,735.07,647.77,746.05,624.66,1630000,13.48%
12/02/2024,647.77,656.03,666.93,629.08,802120,-1.26%
12/01/2024,656.03,653.72,664.1,645.75,446330,0.35%
11/30/2024,653.72,654.69,676.8,648.44,565600,-0.15%
11/29/2024,654.69,654.01,663.61,648.73,442570,0.11%
11/28/2024,654.0,644.25,662.84,640.72,708170,1.49%
11/27/2024,644.43,613.7,646.41,608.36,650790,5.01%
11/26/2024,613.7,635.81,645.39,600.68,845080,-3.48%
11/25/2024,635.81,659.8,674.66,627.39,820890,-3.64%
11/24/2024,659.8,650.79,687.26,637.54,949960,1.38%
11/23/2024,650.79,633.0,678.88,631.32,1120000,2.81%
11/22/2024,633.0,622.02,639.21,615.32,600570,1.76%
11/21/2024,622.02,605.39,629.31,593.4,666060,2.68%
11/20/2024,605.79,615.26,620.43,600.01,424090,-1.54%
11/19/2024,615.26,618.9,621.3,605.23,435270,-0.59%
11/18/2024,618.9,618.74,629.83,612.21,500650,0.03%
11/17/2024,618.74,622.46,646.91,605.56,615180,-0.60%
11/16/2024,622.46,619.11,633.53,617.57,462160,0.54%
11/15/2024,619.11,621.85,628.29,603.72,678160,-0.44%
11/14/2024,621.85,620.65,659.8,611.48,1130000,0.19%
11/13/2024,620.65,625.31,638.04,599.44,1080000,-0.71%
11/12/2024,625.08,660.15,666.66,612.86,1260000,-5.31%
11/11/2024,660.15,627.46,664.6,613.04,1060000,5.21%
11/10/2024,627.46,624.66,644.06,612.68,854120,0.48%
11/09/2024,624.48,597.81,637.97,597.51,794090,4.46%
11/08/2024,597.81,598.22,605.7,588.15,330610,-0.07%
11/07/2024,598.2,591.99,611.04,587.49,397450,1.05%
11/06/2024,591.99,563.23,594.76,563.19,568650,5.11%
11/05/2024,563.23,552.51,572.14,551.41,217860,1.94%
11/04/2024,552.51,557.7,564.59,543.87,271270,-0.93%
11/03/2024,557.7,568.59,569.3,547.3,223610,-1.88%
11/02/2024,568.4,573.09,576.78,562.4,148720,-0.82%
11/01/2024,573.09,576.5,585.4,568.0,252220,-0.61%
10/31/2024,576.6,595.5,596.39,571.39,288200,-3.17%
10/30/2024,595.5,606.3,606.59,594.31,193180,-1.78%
10/29/2024,606.3,600.99,612.09,600.0,311620,0.88%
10/28/2024,600.99,589.2,604.2,585.59,196200,1.98%
10/27/2024,589.3,583.3,591.0,581.8,98110,0.99%
10/26/2024,583.49,575.29,587.0,571.99,124960,1.43%
10/25/2024,575.29,594.41,597.39,566.84,267450,-3.22%
10/24/2024,594.41,584.89,597.91,583.5,155610,1.62%
10/23/2024,584.91,593.7,594.29,573.2,241460,-1.50%
10/22/2024,593.79,598.69,600.09,587.11,216770,-0.82%
10/21/2024,598.69,605.81,611.4,591.89,294150,-1.18%
10/20/2024,605.81,597.71,607.19,593.5,129110,1.36%
10/19/2024,597.71,599.19,601.31,595.61,83900,-0.25%
10/18/2024,599.19,592.89,602.39,591.9,147440,1.06%
10/17/2024,592.89,600.98,606.01,585.5,203850,-1.35%
10/16/2024,600.98,594.67,605.39,589.89,276610,1.06%
10/15/2024,594.67,589.1,599.6,578.44,361590,0.95%
10/14/2024,589.1,572.3,592.19,569.8,263990,2.94%
10/13/2024,572.3,576.59,578.39,565.01,124950,-0.74%
10/12/2024,576.59,573.3,578.99,573.3,145010,0.58%
10/11/2024,573.3,563.58,577.21,560.29,193670,1.72%
10/10/2024,563.58,570.79,572.82,554.52,192530,-1.26%
10/09/2024,570.79,580.78,585.68,566.85,351050,-1.72%
10/08/2024,580.78,564.3,586.58,560.05,303510,2.92%
10/07/2024,564.3,570.49,581.66,564.01,226120,-1.09%
10/06/2024,570.49,563.38,571.69,561.39,111110,1.26%
10/05/2024,563.39,555.3,564.88,552.09,129230,1.46%
10/04/2024,555.3,544.79,557.6,542.01,191840,1.93%
10/03/2024,544.79,542.32,550.79,534.7,233370,0.46%
10/02/2024,542.32,547.49,558.09,535.61,301180,-0.95%
10/01/2024,547.49,567.5,582.99,537.46,504960,-3.53%
09/30/2024,567.51,595.62,595.72,563.92,335520,-4.72%
09/29/2024,595.62,601.12,602.61,592.51,168850,-0.91%
09/28/2024,601.12,606.9,617.86,595.21,277110,-0.95%
09/27/2024,606.9,596.4,614.22,596.1,371700,1.76%
09/26/2024,596.4,587.53,608.68,581.03,350530,1.51%
09/25/2024,587.53,605.91,608.0,584.43,233050,-3.03%
09/24/2024,605.91,604.7,613.3,599.23,273450,0.20%
09/23/2024,604.7,588.61,615.7,584.02,395300,2.74%
09/22/2024,588.57,588.51,593.88,576.68,215120,0.01%
09/21/2024,588.51,569.09,590.0,566.62,220780,3.43%
09/20/2024,569.0,566.43,576.99,559.12,273170,0.45%
09/19/2024,566.43,559.5,571.88,553.03,329790,1.26%
09/18/2024,559.37,546.1,559.37,536.9,218140,2.43%
09/17/2024,546.1,533.67,552.34,528.97,212390,2.33%
09/16/2024,533.67,553.49,555.1,527.27,290780,-3.58%
09/15/2024,553.49,553.4,561.8,552.1,214010,0.02%
09/14/2024,553.4,556.4,559.09,547.52,144600,-0.54%
09/13/2024,556.4,544.6,559.29,538.9,290670,2.17%
09/12/2024,544.6,530.2,548.43,530.11,294590,2.72%
09/11/2024,530.2,516.8,534.84,506.78,219230,2.59%
09/10/2024,516.8,518.7,523.97,513.4,173180,-0.36%
09/09/2024,518.67,502.9,525.48,501.9,217150,3.14%
09/08/2024,502.9,493.49,506.68,490.81,141990,1.91%
09/07/2024,493.49,487.08,499.28,483.21,150450,1.32%
09/06/2024,487.08,502.4,509.48,472.09,387750,-3.05%
09/05/2024,502.4,507.52,512.8,496.8,185800,-1.01%
09/04/2024,507.52,518.39,523.5,496.0,458350,-2.10%
09/03/2024,518.39,526.39,538.3,518.29,233580,-1.52%
09/02/2024,526.39,512.69,529.5,501.8,277100,2.67%
09/01/2024,512.69,532.9,533.09,508.11,216200,-3.79%
08/31/2024,532.9,535.19,541.39,531.19,103530,-0.43%
08/30/2024,535.21,536.51,543.19,522.65,210690,-0.24%
08/29/2024,536.51,536.61,545.38,531.79,177620,-0.02%
08/28/2024,536.6,533.21,546.64,523.02,295430,0.55%
08/27/2024,533.68,548.3,558.25,522.86,322040,-2.67%
08/26/2024,548.3,574.19,575.48,546.71,305840,-4.51%
08/25/2024,574.19,580.42,583.77,569.0,222470,-1.07%
08/24/2024,580.42,591.63,592.2,575.11,356140,-1.89%
08/23/2024,591.63,582.99,597.22,574.97,440340,1.48%
08/22/2024,582.99,570.09,589.81,560.4,396080,2.28%
08/21/2024,569.99,569.41,575.08,546.78,363140,0.10%
08/20/2024,569.41,558.6,574.78,558.4,449930,1.94%
08/19/2024,558.59,531.4,560.5,529.39,242950,5.12%
08/18/2024,531.4,541.7,542.59,530.9,151820,-1.90%
08/17/2024,541.7,519.6,547.47,518.41,203920,4.25%
08/16/2024,519.6,519.18,524.48,510.3,184690,0.06%
08/15/2024,519.27,523.49,533.7,510.89,242780,-0.80%
08/14/2024,523.49,524.17,531.36,516.36,238170,-0.15%
08/13/2024,524.26,518.53,525.85,513.7,294210,1.11%
08/12/2024,518.53,503.39,523.4,499.9,309250,3.03%
08/11/2024,503.29,523.1,535.31,502.88,216430,-3.79%
08/10/2024,523.1,508.8,525.18,507.4,130500,2.81%
08/09/2024,508.8,517.09,517.98,499.07,204060,-1.60%
08/08/2024,517.09,474.81,521.17,468.45,305930,8.90%
08/07/2024,474.81,484.73,497.44,468.19,345200,-2.05%
08/06/2024,484.73,464.26,492.7,464.08,495240,4.49%
08/05/2024,463.9,496.7,499.86,404.53,2380000,-6.60%
08/04/2024,496.7,529.41,532.1,488.35,405840,-6.18%
08/03/2024,529.41,543.39,545.1,521.69,252830,-2.57%
08/02/2024,543.39,575.11,577.39,540.31,292820,-5.56%
08/01/2024,575.41,576.4,577.9,553.8,286120,-0.17%
07/31/2024,576.4,588.09,592.69,574.91,198710,-1.99%
07/30/2024,588.09,574.4,588.2,567.41,168340,2.38%
07/29/2024,574.4,583.9,597.1,572.62,218690,-1.63%
07/28/2024,583.9,581.59,584.8,574.9,94240,0.46%
07/27/2024,581.2,580.9,592.8,573.82,188830,0.05%
07/26/2024,580.9,570.7,582.7,570.3,159270,1.79%
07/25/2024,570.7,574.5,575.9,554.2,295220,-0.66%
07/24/2024,574.5,581.9,588.99,570.6,163390,-1.27%
07/23/2024,581.9,587.22,593.17,577.54,221760,-1.02%
07/22/2024,587.89,602.1,605.48,587.3,220560,-2.36%
07/21/2024,602.1,593.1,603.4,582.99,251200,1.52%
07/20/2024,593.1,593.49,597.9,586.7,149820,-0.07%
07/19/2024,593.49,571.99,598.1,565.51,347850,3.76%
07/18/2024,571.99,568.8,579.39,562.11,159760,0.56%
07/17/2024,568.8,576.09,583.89,564.62,202920,-1.27%
07/16/2024,576.09,585.12,587.19,555.51,357420,-1.62%
07/15/2024,585.61,544.7,586.47,544.01,344350,7.51%
07/14/2024,544.7,532.3,547.69,531.7,153470,2.33%
07/13/2024,532.3,533.8,539.1,527.5,167400,-0.28%
07/12/2024,533.8,524.9,537.49,517.5,214530,1.69%
07/11/2024,524.9,524.89,542.79,520.41,271840,0.00%
07/10/2024,524.89,516.8,529.3,511.61,211730,1.57%
07/09/2024,516.8,510.5,520.61,506.6,209100,1.23%
07/08/2024,510.5,490.39,523.09,471.6,605850,4.10%
07/07/2024,490.39,525.91,526.5,488.72,287640,-6.94%
07/06/2024,526.98,497.42,530.6,496.2,231880,5.94%
07/05/2024,497.42,513.38,515.58,456.33,1050000,-3.11%
07/04/2024,513.38,556.69,558.0,511.99,530570,-7.78%
07/03/2024,556.69,579.99,580.9,550.71,297230,-4.02%
07/02/2024,579.99,576.91,581.79,574.2,149130,0.54%
07/01/2024,576.91,582.4,588.2,576.51,193430,-0.93%
06/30/2024,582.3,570.39,585.0,568.31,174100,2.09%
06/29/2024,570.39,567.3,573.9,567.0,103760,0.54%
06/28/2024,567.31,581.7,585.19,565.91,218340,-2.47%
06/27/2024,581.7,573.08,584.47,566.61,206490,1.50%
06/26/2024,573.08,578.2,584.49,567.51,163030,-0.88%
06/25/2024,578.2,568.02,579.48,566.71,185310,1.79%
06/24/2024,568.02,577.41,581.8,552.21,379140,-1.63%
06/23/2024,577.41,591.0,592.99,576.29,146680,-2.30%
06/22/2024,591.0,586.1,591.4,581.1,104600,0.84%
06/21/2024,586.1,587.67,589.09,578.02,199630,-0.27%
06/20/2024,587.67,599.31,607.87,584.89,306100,-1.94%
06/19/2024,599.31,588.62,605.91,586.72,273980,1.82%
06/18/2024,588.62,604.31,604.99,575.32,489000,-2.60%
06/17/2024,604.31,610.89,612.5,592.1,248690,-1.08%
06/16/2024,610.89,608.19,611.7,601.2,109690,0.44%
06/15/2024,608.19,603.3,609.59,601.4,127350,0.81%
06/14/2024,603.3,599.9,612.37,590.2,292770,0.57%
06/13/2024,599.9,619.38,619.68,596.03,333130,-3.15%
06/12/2024,619.38,602.49,635.15,592.38,484690,2.80%
06/11/2024,602.49,624.7,628.67,596.68,680140,-3.56%
06/10/2024,624.7,673.0,674.69,613.77,726910,-7.18%
06/09/2024,673.0,682.7,684.78,670.4,180030,-1.42%
06/08/2024,682.7,683.99,694.88,678.29,226790,-0.19%
06/07/2024,683.99,711.16,711.68,660.52,625430,-3.82%
06/06/2024,711.16,698.62,720.75,692.79,566960,1.80%
06/05/2024,698.61,685.64,712.79,685.58,714320,1.89%
06/04/2024,685.64,626.21,687.78,625.0,775120,9.49%
06/03/2024,626.21,602.81,637.75,601.21,684530,3.87%
06/02/2024,602.9,601.8,605.8,596.2,204280,0.18%
06/01/2024,601.8,593.8,608.19,593.2,161020,1.35%
05/31/2024,593.8,594.99,598.89,590.1,175980,-0.20%
05/30/2024,594.99,595.69,601.8,586.6,233890,-0.10%
05/29/2024,595.59,601.69,603.59,593.29,219960,-1.01%
05/28/2024,601.69,603.8,605.48,594.29,294760,-0.35%
05/27/2024,603.8,600.29,614.0,599.69,237520,0.58%
05/26/2024,600.29,602.39,605.09,598.6,126920,-0.35%
05/25/2024,602.39,600.29,606.48,599.5,125950,0.35%
05/24/2024,600.29,599.4,605.29,588.42,261900,0.15%
05/23/2024,599.4,614.81,616.91,581.88,646400,-2.51%
05/22/2024,614.81,618.61,626.02,610.11,424150,-0.61%
05/21/2024,618.61,599.92,629.98,594.01,1070000,3.11%
05/20/2024,599.92,574.6,601.9,569.4,483680,4.41%
05/19/2024,574.6,580.3,581.8,572.11,145230,-0.98%
05/18/2024,580.3,580.99,581.9,574.31,172310,-0.10%
05/17/2024,580.9,569.2,584.5,568.8,243710,2.06%
05/16/2024,569.2,580.91,586.39,565.4,421220,-2.03%
05/15/2024,581.0,567.09,587.19,561.21,417810,2.45%
05/14/2024,567.09,591.69,593.07,562.74,470570,-4.16%
05/13/2024,591.69,594.78,598.0,585.67,413160,-0.52%
05/12/2024,594.78,592.2,599.38,587.61,199930,0.44%
05/11/2024,592.2,585.6,594.4,581.52,219290,1.13%
05/10/2024,585.6,596.69,596.99,582.13,307590,-1.86%
05/09/2024,596.69,588.6,603.31,586.71,485180,1.37%
05/08/2024,588.6,576.53,589.8,575.37,309130,1.97%
05/07/2024,577.21,588.2,600.11,576.31,300020,-1.87%
05/06/2024,588.2,591.8,601.9,583.33,288740,-0.61%
05/05/2024,591.8,585.58,594.89,579.78,188120,1.06%
05/04/2024,585.58,586.81,593.4,582.81,208690,-0.21%
05/03/2024,586.79,560.4,589.69,559.1,355700,4.71%
05/02/2024,560.4,561.9,565.69,542.65,376320,-0.27%
05/01/2024,561.9,578.41,580.21,537.5,709210,-2.85%
04/30/2024,578.41,592.71,603.83,556.01,818080,-2.41%
04/29/2024,592.71,600.39,602.8,582.26,348950,-1.28%
04/28/2024,600.39,596.18,608.19,596.18,267830,0.71%
04/27/2024,596.18,597.89,599.49,586.0,279670,-0.29%
04/26/2024,597.89,613.39,614.99,597.2,313080,-2.53%
04/25/2024,613.39,608.67,617.88,601.27,475430,0.77%
04/24/2024,608.67,606.19,618.33,593.64,707110,0.41%
04/23/2024,606.19,604.52,616.6,598.95,601600,0.28%
04/22/2024,604.52,579.6,608.41,578.51,550270,4.30%
04/21/2024,579.6,570.7,582.18,566.6,286160,1.54%
04/20/2024,570.8,554.09,574.09,549.19,251080,3.02%
04/19/2024,554.09,552.07,564.17,525.92,580020,0.37%
04/18/2024,552.07,534.32,555.52,527.25,667500,3.32%
04/17/2024,534.32,537.51,547.69,513.4,686210,-0.60%
04/16/2024,537.53,552.41,553.9,523.32,653500,-2.69%
04/15/2024,552.4,566.5,585.39,545.75,733200,-2.49%
04/14/2024,566.5,553.03,570.1,536.7,1010000,2.52%
04/13/2024,552.56,595.68,600.07,510.84,1870000,-7.22%
04/12/2024,595.59,604.61,627.68,575.15,1630000,-1.49%
04/11/2024,604.61,609.82,617.81,592.1,628330,-0.86%
04/10/2024,609.82,580.5,610.21,573.69,850790,5.05%
04/09/2024,580.5,586.31,589.9,571.95,612350,-0.99%
04/08/2024,586.32,584.0,600.89,577.82,503860,0.40%
04/07/2024,584.0,585.59,590.8,578.51,275590,-0.29%
04/06/2024,585.69,577.89,590.68,575.39,236590,1.35%
04/05/2024,577.9,585.25,591.24,564.66,685170,-1.25%
04/04/2024,585.23,561.54,597.54,560.96,968770,4.25%
04/03/2024,561.35,550.8,567.81,539.7,736620,1.92%
04/02/2024,550.8,576.1,578.1,546.33,1060000,-4.39%
04/01/2024,576.1,606.69,607.59,569.1,754090,-5.07%
03/31/2024,606.89,600.79,608.69,600.59,333980,1.02%
03/30/2024,600.79,612.47,612.58,596.97,535110,-1.91%
03/29/2024,612.47,583.1,619.89,582.21,1100000,5.04%
03/28/2024,583.1,574.21,591.47,574.21,543460,1.55%
03/27/2024,574.21,580.45,585.17,564.51,566340,-1.07%
03/26/2024,580.45,587.07,596.96,571.89,625100,-1.13%
03/25/2024,587.11,567.8,597.68,565.0,874480,3.42%
03/24/2024,567.7,552.1,572.79,549.0,465770,2.83%
03/23/2024,552.1,553.53,567.67,544.39,634680,-0.26%
03/22/2024,553.53,553.79,587.68,535.61,1260000,-0.05%
03/21/2024,553.79,556.6,570.8,541.01,992520,-0.50%
03/20/2024,556.6,508.06,558.9,500.51,1480000,9.55%
03/19/2024,508.06,555.49,560.29,498.61,2620000,-8.54%
03/18/2024,555.49,571.69,586.88,540.54,2320000,-2.83%
03/17/2024,571.69,576.52,590.11,550.23,1760000,-0.84%
03/16/2024,576.52,632.06,641.8,567.93,1850000,-8.79%
03/15/2024,632.06,603.3,634.45,548.34,3130000,4.77%
03/14/2024,603.3,630.36,631.39,565.93,2170000,-4.29%
03/13/2024,630.36,537.69,632.53,531.8,2570000,17.23%
03/12/2024,537.69,522.89,547.4,520.3,1980000,2.99%
03/11/2024,522.11,529.1,532.99,507.33,1640000,-1.32%
03/10/2024,529.1,488.3,536.54,485.0,1970000,8.35%
03/09/2024,488.3,485.8,493.68,481.21,867200,0.37%
03/08/2024,486.51,474.5,489.38,463.81,1690000,2.45%
03/07/2024,474.9,429.29,476.48,423.4,1690000,10.65%
03/06/2024,429.19,394.29,434.26,385.9,1850000,8.85%
03/05/2024,394.29,418.4,427.1,362.15,2110000,-5.76%
03/04/2024,418.4,414.5,423.4,410.7,1060000,0.89%
03/03/2024,414.7,410.89,416.5,402.9,851040,0.93%
03/02/2024,410.89,407.3,414.69,405.91,599600,0.88%
03/01/2024,407.3,399.1,408.48,399.0,595450,2.05%
02/29/2024,399.1,414.62,419.38,391.24,1160000,-3.74%
02/28/2024,414.62,394.6,426.79,394.3,1390000,5.02%
02/27/2024,394.8,401.6,403.69,390.11,932130,-1.69%
02/26/2024,401.6,388.5,404.49,382.1,1230000,3.37%
02/25/2024,388.5,381.7,390.8,378.0,653450,1.78%
02/24/2024,381.7,375.5,383.3,371.8,451450,1.65%
02/23/2024,375.5,382.69,385.7,369.2,1040000,-1.88%
02/22/2024,382.69,379.19,387.09,374.01,1430000,0.95%
02/21/2024,379.09,354.51,379.3,351.01,1730000,6.94%
02/20/2024,354.51,351.7,360.8,345.32,990060,0.80%
02/19/2024,351.7,349.6,356.1,349.4,840100,0.60%
02/18/2024,349.6,352.9,358.1,349.31,503350,-0.93%
02/17/2024,352.9,360.6,363.4,348.41,639390,-2.14%
02/16/2024,360.6,354.2,365.9,351.2,1070000,1.81%
02/15/2024,354.2,333.8,366.1,333.3,1380000,6.08%
02/14/2024,333.9,324.7,334.5,323.5,458370,2.84%
02/13/2024,324.7,327.9,329.1,319.3,452830,-0.98%
02/12/2024,327.9,320.7,331.4,315.7,586060,2.25%
02/11/2024,320.7,323.1,324.8,320.1,283160,-0.74%
02/10/2024,323.1,323.9,325.3,319.1,326700,-0.25%
02/09/2024,323.9,318.89,325.99,318.0,750870,1.57%
02/08/2024,318.89,307.41,320.49,307.41,944540,3.74%
02/07/2024,307.41,302.8,308.7,300.8,362210,1.52%
02/06/2024,302.8,301.2,303.7,300.9,265760,0.53%
02/05/2024,301.2,304.6,306.8,299.7,495710,-1.12%
02/04/2024,304.6,299.6,307.7,298.0,509040,1.67%
02/03/2024,299.6,301.4,303.7,299.6,202130,-0.60%
02/02/2024,301.4,300.2,304.9,299.9,314380,0.43%
02/01/2024,300.1,300.5,302.1,296.61,381470,-0.13%
01/31/2024,300.5,307.79,308.0,298.9,464440,-2.34%
01/30/2024,307.7,310.7,313.1,306.5,393660,-0.97%
01/29/2024,310.7,305.3,310.9,304.41,450350,1.77%
01/28/2024,305.3,305.7,308.9,303.2,420260,-0.13%
01/27/2024,305.7,302.3,307.5,301.9,295980,1.12%
01/26/2024,302.3,291.8,304.1,290.8,725630,3.60%
01/25/2024,291.8,293.1,296.3,287.6,1020000,-0.44%
01/24/2024,293.1,298.8,300.6,290.5,813890,-1.91%
01/23/2024,298.8,306.0,311.6,290.52,947320,-2.35%
01/22/2024,306.0,318.59,320.2,304.01,716820,-3.95%
01/21/2024,318.59,317.3,321.7,316.11,366630,0.41%
01/20/2024,317.3,314.69,317.3,312.3,331210,0.83%
01/19/2024,314.69,312.91,316.07,306.12,861030,0.57%
01/18/2024,312.91,309.39,315.4,305.7,933480,1.17%
01/17/2024,309.3,315.11,316.2,307.19,1110000,-1.84%
01/16/2024,315.11,317.59,319.29,313.2,980650,-0.78%
01/15/2024,317.59,299.41,319.79,299.41,1740000,6.07%
01/14/2024,299.41,302.1,306.6,298.81,405330,-0.89%
01/13/2024,302.1,296.8,303.0,291.0,445060,1.79%
01/12/2024,296.8,308.3,312.9,290.11,1020000,-3.73%
01/11/2024,308.3,305.4,316.7,301.62,1200000,0.95%
01/10/2024,305.4,301.1,309.7,289.02,1050000,1.46%
01/09/2024,301.0,303.6,306.7,296.2,1420000,-0.86%
01/08/2024,303.6,302.3,308.0,290.5,998880,0.43%
01/07/2024,302.3,307.59,309.9,300.11,504950,-1.63%
01/06/2024,307.3,317.3,317.5,300.2,921530,-3.15%
01/05/2024,317.3,323.6,327.1,308.71,1170000,-1.98%
01/04/2024,323.7,315.82,324.29,311.01,1150000,2.49%
01/03/2024,315.82,312.19,333.69,295.6,2190000,1.16%
01/02/2024,312.19,313.51,321.0,307.01,953520,-0.42%
01/01/2024,313.51,312.0,315.9,307.2,628460,0.48%
12/31/2023,312.0,316.6,325.4,308.32,677550,-1.45%
12/30/2023,316.6,313.6,320.5,312.5,571000,0.96%
12/29/2023,313.6,322.8,325.4,307.84,1430000,-2.85%
12/28/2023,322.8,324.09,337.89,320.3,2290000,-0.37%
12/27/2023,323.99,297.8,324.0,285.31,2160000,8.79%
12/26/2023,297.8,266.8,303.0,264.32,2420000,11.62%
12/25/2023,266.8,264.4,268.0,261.71,477850,0.91%
12/24/2023,264.4,270.8,272.5,262.1,583960,-2.36%
12/23/2023,270.8,270.9,272.0,265.8,414920,-0.04%
12/22/2023,270.9,271.5,276.2,265.0,987240,-0.22%
12/21/2023,271.5,260.2,274.69,256.3,1310000,4.34%
12/20/2023,260.2,252.89,261.7,250.5,1140000,2.89%
12/19/2023,252.89,241.69,254.69,241.4,1610000,4.63%
12/18/2023,241.69,239.0,241.69,232.11,892280,1.12%
12/17/2023,239.0,244.4,244.5,238.9,474540,-2.21%
12/16/2023,244.4,244.91,248.1,243.21,456320,-0.21%
12/15/2023,244.91,253.3,253.3,243.31,672510,-3.35%
12/14/2023,253.4,252.1,254.0,248.12,834250,0.51%
12/13/2023,252.1,254.4,255.89,244.31,1180000,-0.90%
12/12/2023,254.39,246.41,257.0,245.7,1910000,3.24%
12/11/2023,246.41,239.7,247.48,228.99,2060000,2.80%
12/10/2023,239.7,237.5,241.39,237.0,442960,0.93%
12/09/2023,237.5,238.8,245.2,236.5,856780,-0.55%
12/08/2023,238.8,232.7,239.9,232.4,780760,2.62%
12/07/2023,232.7,229.59,234.7,228.6,807420,1.35%
12/06/2023,229.59,231.2,234.7,228.81,873940,-0.69%
12/05/2023,231.2,233.5,234.9,228.2,874430,-0.99%
12/04/2023,233.5,228.1,236.8,226.0,1500000,2.37%
12/03/2023,228.1,229.1,231.7,226.11,602390,-0.44%
12/02/2023,229.1,228.5,230.1,226.4,463450,0.26%
12/01/2023,228.5,227.6,230.0,227.0,431530,0.39%
11/30/2023,227.6,227.3,229.2,226.0,366360,0.13%
11/29/2023,227.3,229.6,231.2,226.2,423800,-1.00%
11/28/2023,229.6,227.3,231.7,224.3,552680,1.01%
11/27/2023,227.3,231.6,232.9,222.9,841600,-1.86%
11/26/2023,231.6,234.5,234.5,228.7,442650,-1.24%
11/25/2023,234.5,232.8,235.6,232.4,317790,0.73%
11/24/2023,232.8,233.8,236.4,231.6,623610,-0.39%
11/23/2023,233.7,236.1,239.0,230.5,729590,-1.02%
11/22/2023,236.1,225.7,238.3,225.21,1820000,4.61%
11/21/2023,225.7,253.1,271.14,224.11,4110000,-10.83%
11/20/2023,253.1,246.31,267.71,240.18,1570000,2.76%
11/19/2023,246.31,244.8,246.8,241.9,392990,0.62%
11/18/2023,244.8,244.89,245.2,238.8,497980,0.00%
11/17/2023,244.79,242.7,245.9,238.51,776220,0.86%
11/16/2023,242.7,253.79,255.6,240.3,1110000,-4.37%
11/15/2023,253.79,242.2,254.2,242.1,936470,4.79%
11/14/2023,242.2,241.19,249.38,235.42,1020000,0.42%
11/13/2023,241.19,247.4,250.19,240.3,976300,-2.51%
11/12/2023,247.4,251.59,251.9,245.44,656510,-1.67%
11/11/2023,251.59,251.1,255.19,246.2,761820,0.28%
11/10/2023,250.9,251.7,257.9,248.21,837130,-0.32%
11/09/2023,251.7,246.71,255.6,241.7,1360000,2.02%
11/08/2023,246.71,246.3,248.09,244.3,513260,0.17%
11/07/2023,246.3,255.1,255.49,242.3,896210,-3.45%
11/06/2023,255.09,244.0,255.5,241.7,870250,4.54%
11/05/2023,244.0,237.1,245.5,236.1,631920,2.91%
11/04/2023,237.1,230.3,238.6,229.3,400420,2.95%
11/03/2023,230.3,231.8,232.4,225.9,513430,-0.65%
11/02/2023,231.8,227.9,233.4,227.5,855200,1.71%
11/01/2023,227.9,226.3,229.29,222.6,592520,0.71%
10/31/2023,226.3,227.9,229.29,224.0,477450,-0.70%
10/30/2023,227.9,227.0,229.1,224.8,412060,0.40%
10/29/2023,227.0,225.7,228.1,223.7,277320,0.58%
10/28/2023,225.7,224.4,228.29,224.2,360350,0.58%
10/27/2023,224.4,223.2,230.77,219.9,1000000,0.54%
10/26/2023,223.2,222.1,228.0,219.49,754090,0.49%
10/25/2023,222.1,225.1,229.0,221.7,637800,-1.33%
10/24/2023,225.1,228.3,237.49,222.11,1050000,-1.40%
10/23/2023,228.3,217.8,230.4,217.0,864750,4.82%
10/22/2023,217.8,214.1,218.1,213.6,299880,1.73%
10/21/2023,214.1,212.1,215.7,211.4,268380,0.94%
10/20/2023,212.1,211.1,216.39,210.6,355280,0.47%
10/19/2023,211.1,210.2,211.4,208.2,281510,0.43%
10/18/2023,210.2,211.5,213.7,209.9,268390,-0.62%
10/17/2023,211.5,214.7,214.9,209.6,385040,-1.49%
10/16/2023,214.7,209.8,218.79,209.6,791110,2.34%
10/15/2023,209.8,206.6,210.2,206.4,373510,1.55%
10/14/2023,206.6,206.0,207.1,205.7,145740,0.29%
10/13/2023,206.0,205.3,208.1,204.31,339610,0.34%
10/12/2023,205.3,206.59,207.08,203.01,372650,-0.63%
10/11/2023,206.59,208.5,208.8,204.6,413460,-0.92%
10/10/2023,208.5,205.8,210.87,205.7,593770,1.31%
10/09/2023,205.8,211.4,212.2,202.99,586600,-2.65%
10/08/2023,211.4,212.3,212.7,209.11,231460,-0.42%
10/07/2023,212.3,213.4,213.8,211.5,129450,-0.52%
10/06/2023,213.4,210.7,214.4,210.2,261990,1.28%
10/05/2023,210.7,213.4,213.8,210.3,263710,-1.17%
10/04/2023,213.2,213.5,213.7,210.8,334580,-0.14%
10/03/2023,213.5,214.6,215.8,212.7,303080,-0.51%
10/02/2023,214.6,218.0,221.4,213.11,580040,-1.56%
10/01/2023,218.0,214.5,219.2,213.2,420800,1.63%
09/30/2023,214.5,215.2,216.4,214.3,181720,-0.32%
09/29/2023,215.2,215.0,217.49,214.3,377760,0.09%
09/28/2023,215.0,212.0,216.9,211.6,401790,1.41%
09/27/2023,212.0,212.6,216.0,210.6,416660,-0.28%
09/26/2023,212.6,210.0,213.6,209.7,289380,1.24%
09/25/2023,210.0,208.3,210.5,207.0,278850,0.82%
09/24/2023,208.3,210.5,211.2,207.01,189720,-1.05%
09/23/2023,210.5,211.0,211.6,209.9,120470,-0.24%
09/22/2023,211.0,210.8,212.1,209.8,242740,0.09%
09/21/2023,210.8,214.3,215.1,209.21,422870,-1.64%
09/20/2023,214.3,217.2,217.8,213.5,380150,-1.33%
09/19/2023,217.2,216.0,219.6,215.5,355330,0.56%
09/18/2023,216.0,216.4,221.2,215.2,610230,-0.18%
09/17/2023,216.4,214.9,216.7,213.4,336710,0.70%
09/16/2023,214.9,214.1,215.8,213.4,293310,0.37%
09/15/2023,214.1,212.2,215.0,211.1,317440,0.90%
09/14/2023,212.2,212.6,214.9,211.2,362540,-0.19%
09/13/2023,212.6,210.8,213.2,209.3,309620,0.90%
09/12/2023,210.7,206.2,213.8,205.1,534620,2.18%
09/11/2023,206.2,212.4,212.7,204.19,590560,-2.92%
09/10/2023,212.4,214.1,214.3,211.31,287170,-0.80%
09/09/2023,214.1,214.7,215.4,214.1,97330,-0.28%
09/08/2023,214.7,217.1,218.4,213.4,242280,-1.11%
09/07/2023,217.1,215.2,217.8,213.6,253370,0.88%
09/06/2023,215.2,214.6,218.04,212.2,308240,0.28%
09/05/2023,214.6,215.2,216.0,213.6,249610,-0.28%
09/04/2023,215.2,214.4,216.49,213.1,313830,0.42%
09/03/2023,214.3,214.5,215.1,213.2,172570,-0.09%
09/02/2023,214.5,213.7,215.69,213.0,212810,0.37%
09/01/2023,213.7,216.8,218.0,211.42,475080,-1.38%
08/31/2023,216.7,223.8,225.78,215.11,465260,-3.17%
08/30/2023,223.8,226.9,227.19,221.8,313380,-1.37%
08/29/2023,226.9,218.8,233.5,217.0,691520,3.70%
08/28/2023,218.8,218.3,219.2,215.6,318230,0.23%
08/27/2023,218.3,216.5,219.7,215.9,191660,0.83%
08/26/2023,216.5,218.4,219.19,216.1,150040,-0.87%
08/25/2023,218.4,219.0,219.5,213.91,394290,-0.27%
08/24/2023,219.0,216.7,220.5,215.7,381060,1.06%
08/23/2023,216.7,210.9,218.6,210.8,662950,2.75%
08/22/2023,210.9,210.4,212.7,203.8,897160,0.24%
08/21/2023,210.4,216.5,216.8,206.7,801420,-2.82%
08/20/2023,216.5,216.9,217.9,215.4,194550,-0.18%
08/19/2023,216.9,216.1,219.2,214.1,330470,0.37%
08/18/2023,216.1,218.09,220.3,213.5,692770,-0.92%
08/17/2023,218.09,232.1,232.4,214.29,1050000,-6.03%
08/16/2023,232.1,236.89,237.4,231.01,436000,-2.03%
08/15/2023,236.89,240.5,240.7,235.01,409000,-1.50%
08/14/2023,240.5,240.2,241.4,239.8,204830,0.12%
08/13/2023,240.2,240.3,241.8,239.9,135860,0.00%
08/12/2023,240.2,239.7,241.2,239.3,117720,0.21%
08/11/2023,239.7,241.4,242.3,238.3,296240,-0.70%
08/10/2023,241.4,243.8,244.1,240.5,267630,-0.99%
08/09/2023,243.8,245.2,245.5,242.8,299880,-0.57%
08/08/2023,245.2,242.1,247.87,241.5,387510,1.28%
08/07/2023,242.1,243.2,244.8,239.7,310960,-0.45%
08/06/2023,243.2,243.3,245.5,242.8,282600,-0.04%
08/05/2023,243.3,241.7,243.3,240.2,179810,0.62%
08/04/2023,241.8,241.1,243.4,240.7,280680,0.29%
08/03/2023,241.1,240.7,241.9,238.5,311310,0.17%
08/02/2023,240.7,247.79,248.79,235.9,652400,-2.86%
08/01/2023,247.79,240.9,247.79,238.1,832080,2.86%
07/31/2023,240.9,242.5,244.4,240.7,339760,-0.66%
07/30/2023,242.5,242.5,243.8,240.6,260860,0.00%
07/29/2023,242.5,241.9,242.89,241.1,104850,0.25%
07/28/2023,241.9,240.7,242.9,239.71,237920,0.54%
07/27/2023,240.6,239.0,243.6,238.5,319420,0.67%
07/26/2023,239.0,237.8,240.3,236.5,328860,0.50%
07/25/2023,237.8,239.0,239.7,236.6,316030,-0.50%
07/24/2023,239.0,242.4,243.0,235.51,478390,-1.40%
07/23/2023,242.4,240.9,243.9,240.5,177300,0.62%
07/22/2023,240.9,243.8,244.8,240.2,189810,-1.19%
07/21/2023,243.8,242.7,245.2,242.2,306090,0.45%
07/20/2023,242.7,241.0,245.0,240.6,464080,0.71%
07/19/2023,241.0,240.2,244.0,239.81,460830,0.33%
07/18/2023,240.2,244.1,246.6,238.11,957480,-1.60%
07/17/2023,244.1,242.3,244.8,240.11,811670,0.74%
07/16/2023,242.3,250.9,252.0,242.2,443130,-3.43%
07/15/2023,250.9,248.1,252.5,247.1,393000,1.13%
07/14/2023,248.1,256.3,261.6,243.51,1100000,-3.20%
07/13/2023,256.3,243.9,257.5,242.8,1070000,5.09%
07/12/2023,243.9,248.69,250.39,242.7,613170,-1.93%
07/11/2023,248.69,246.1,249.4,244.7,677470,1.01%
07/10/2023,246.2,234.1,246.3,231.61,1230000,5.17%
07/09/2023,234.1,236.3,237.0,233.2,242910,-0.93%
07/08/2023,236.3,235.6,237.59,234.3,269160,0.30%
07/07/2023,235.6,232.29,236.1,231.49,451070,1.42%
07/06/2023,232.29,238.9,244.29,231.68,702320,-2.77%
07/05/2023,238.9,242.4,243.89,236.76,541970,-1.44%
07/04/2023,242.4,246.3,246.89,240.7,510140,-1.59%
07/03/2023,246.3,246.4,253.67,245.6,893570,-0.04%
07/02/2023,246.4,247.8,248.4,243.1,615550,-0.56%
07/01/2023,247.8,240.4,248.8,240.3,743300,3.08%
06/30/2023,240.4,233.1,241.68,231.82,877060,3.13%
06/29/2023,233.1,230.6,236.5,230.5,364980,1.13%
06/28/2023,230.5,237.5,237.5,225.9,668630,-2.95%
06/27/2023,237.5,236.09,240.79,234.5,374610,0.59%
06/26/2023,236.09,238.89,241.2,233.79,551400,-1.17%
06/25/2023,238.89,236.39,241.9,235.3,544580,1.01%
06/24/2023,236.49,244.2,248.49,231.1,830760,-3.16%
06/23/2023,244.2,240.8,249.38,239.7,667760,1.41%
06/22/2023,240.8,248.9,256.79,239.5,1070000,-3.29%
06/21/2023,249.0,247.7,253.91,245.2,1050000,0.52%
06/20/2023,247.7,243.0,247.99,238.7,667120,1.94%
06/19/2023,243.0,244.1,244.7,238.89,443840,-0.45%
06/18/2023,244.1,244.6,248.5,242.6,373870,-0.20%
06/17/2023,244.6,239.38,249.5,237.29,511260,2.18%
06/16/2023,239.38,236.49,243.17,232.49,596480,1.22%
06/15/2023,236.49,237.89,240.6,230.7,645960,-0.59%
06/14/2023,237.89,244.19,252.1,233.73,1030000,-2.58%
06/13/2023,244.19,231.29,246.53,228.9,1300000,5.58%
06/12/2023,231.29,235.39,238.79,221.4,1660000,-1.74%
06/11/2023,235.39,238.7,239.29,233.64,430820,-1.39%
06/10/2023,238.7,260.51,260.7,230.76,1680000,-8.37%
06/09/2023,260.51,261.91,264.29,255.91,536350,-0.54%
06/08/2023,261.91,259.21,267.2,257.33,616610,1.04%
06/07/2023,259.21,281.1,281.6,254.65,1240000,-7.79%
06/06/2023,281.11,277.1,285.6,273.4,742080,1.45%
06/05/2023,277.1,305.1,305.1,272.41,1140000,-9.18%
06/04/2023,305.1,306.6,307.6,304.81,192730,-0.49%
06/03/2023,306.6,307.3,308.1,305.3,162090,-0.23%
06/02/2023,307.3,304.8,308.4,303.5,309770,0.82%
06/01/2023,304.8,306.7,307.5,303.3,263130,-0.62%
05/31/2023,306.7,311.4,311.8,305.01,448980,-1.51%
05/30/2023,311.4,311.6,314.1,310.9,299810,-0.07%
05/29/2023,311.6,314.1,316.9,310.5,474210,-0.80%
05/28/2023,314.1,307.4,314.41,306.8,266780,2.18%
05/27/2023,307.4,306.9,307.7,304.1,150060,0.16%
05/26/2023,306.9,304.6,308.4,301.71,409720,0.75%
05/25/2023,304.6,305.9,306.8,302.5,295390,-0.42%
05/24/2023,305.9,313.5,313.6,303.81,302100,-2.42%
05/23/2023,313.5,309.1,315.3,309.1,234960,1.42%
05/22/2023,309.1,306.41,311.1,304.5,231130,0.88%
05/21/2023,306.41,310.7,311.6,305.83,149160,-1.38%
05/20/2023,310.7,308.9,311.9,307.8,110110,0.58%
05/19/2023,308.9,309.4,311.39,307.7,198260,-0.16%
05/18/2023,309.4,314.29,314.8,306.21,245410,-1.56%
05/17/2023,314.29,311.3,314.3,307.2,229040,0.96%
05/16/2023,311.3,313.4,314.0,309.4,190080,-0.67%
05/15/2023,313.4,312.09,316.2,310.7,208510,0.42%
05/14/2023,312.09,310.71,314.7,309.5,199430,0.45%
05/13/2023,310.71,308.6,311.8,307.6,161150,0.68%
05/12/2023,308.6,307.5,309.0,301.3,339080,0.36%
05/11/2023,307.5,314.3,314.41,304.5,305120,-2.16%
05/10/2023,314.3,312.2,316.69,308.63,374690,0.67%
05/09/2023,312.21,313.79,315.79,311.2,272700,-0.50%
05/08/2023,313.79,320.9,321.99,311.22,398340,-2.22%
05/07/2023,320.9,321.9,325.39,320.5,214880,-0.31%
05/06/2023,321.9,326.5,328.38,319.59,288800,-1.41%
05/05/2023,326.5,323.8,329.09,323.34,299470,0.83%
05/04/2023,323.8,325.9,327.4,323.21,205930,-0.65%
05/03/2023,325.9,321.51,327.5,320.6,631220,1.37%
05/02/2023,321.51,328.6,328.6,321.51,451590,-2.16%
05/01/2023,328.6,337.58,339.49,326.21,748760,-2.66%
04/30/2023,337.58,321.9,338.19,320.41,735130,4.87%
04/29/2023,321.9,324.0,324.7,321.3,236600,-0.68%
04/28/2023,324.1,330.7,330.79,319.0,1020000,-2.00%
04/27/2023,330.7,330.5,336.39,328.71,500350,0.06%
04/26/2023,330.5,338.39,344.9,323.86,700740,-2.33%
04/25/2023,338.39,331.1,339.8,328.6,452970,2.20%
04/24/2023,331.1,330.6,333.7,328.09,457100,0.12%
04/23/2023,330.7,332.08,332.39,327.4,397910,-0.42%
04/22/2023,332.08,321.3,333.09,319.9,396600,3.35%
04/21/2023,321.3,318.09,332.57,315.82,948480,1.01%
04/20/2023,318.09,322.4,326.7,315.5,385170,-1.34%
04/19/2023,322.4,343.0,343.7,320.39,562930,-6.01%
04/18/2023,343.0,340.0,346.48,337.2,407350,0.88%
04/17/2023,340.0,347.7,350.0,337.71,578690,-2.21%
04/16/2023,347.7,333.0,349.91,330.2,656260,4.41%
04/15/2023,333.0,328.81,335.9,327.01,433130,1.28%
04/14/2023,328.8,324.6,335.31,323.41,705880,1.29%
04/13/2023,324.6,319.9,324.8,317.81,359080,1.50%
04/12/2023,319.8,322.21,323.21,316.81,368200,-0.75%
04/11/2023,322.21,318.59,333.0,317.8,686320,1.14%
04/10/2023,318.59,312.8,318.59,311.7,280320,1.85%
04/09/2023,312.8,310.5,313.5,309.7,170370,0.74%
04/08/2023,310.5,310.4,312.69,310.2,173420,0.03%
04/07/2023,310.4,312.29,312.7,309.8,187970,-0.58%
04/06/2023,312.19,314.0,314.8,310.7,243250,-0.58%
04/05/2023,314.0,310.8,316.69,310.3,332010,1.03%
04/04/2023,310.8,308.6,312.48,308.2,320390,0.72%
04/03/2023,308.6,313.81,314.1,299.91,474360,-1.66%
04/02/2023,313.81,314.9,316.11,311.09,157050,-0.35%
04/01/2023,314.9,317.1,318.6,313.2,192470,-0.69%
03/31/2023,317.1,316.4,319.7,313.61,278300,0.22%
03/30/2023,316.4,313.8,318.55,309.38,516970,0.83%
03/29/2023,313.8,313.3,319.69,312.4,346410,0.16%
03/28/2023,313.3,310.51,315.59,306.9,346990,0.84%
03/27/2023,310.7,328.5,329.6,306.1,605700,-5.45%
03/26/2023,328.6,322.5,329.38,321.7,215410,1.89%
03/25/2023,322.5,321.99,324.8,319.15,331440,0.21%
03/24/2023,321.81,329.31,329.99,317.3,328260,-2.28%
03/23/2023,329.31,321.2,331.8,319.2,402490,2.52%
03/22/2023,321.2,334.31,339.29,316.51,1320000,-3.92%
03/21/2023,334.31,332.4,339.79,327.31,493620,0.57%
03/20/2023,332.4,336.57,338.99,331.69,533290,-1.24%
03/19/2023,336.57,331.01,341.2,330.8,420670,1.68%
03/18/2023,331.01,338.88,345.99,329.14,688760,-2.32%
03/17/2023,338.88,329.39,339.89,326.09,755890,2.88%
03/16/2023,329.39,306.3,332.4,303.01,1300000,7.54%
03/15/2023,306.3,308.59,312.69,300.52,433500,-0.74%
03/14/2023,308.59,307.89,319.18,302.2,735130,0.26%
03/13/2023,307.8,287.99,312.59,286.3,1040000,6.88%
03/12/2023,287.99,275.99,288.11,273.41,332200,4.38%
03/11/2023,275.9,277.48,281.58,270.6,390550,-0.57%
03/10/2023,277.48,277.02,278.0,265.31,426680,0.00%
03/09/2023,277.49,286.99,291.29,271.44,339220,-3.31%
03/08/2023,286.99,289.3,293.89,285.21,273960,-0.80%
03/07/2023,289.3,287.9,290.4,283.63,213080,0.49%
03/06/2023,287.9,288.8,289.7,283.61,215630,-0.28%
03/05/2023,288.71,289.49,292.7,287.41,136200,-0.27%
03/04/2023,289.49,290.4,291.4,286.01,134850,-0.31%
03/03/2023,290.4,299.8,300.0,287.22,280690,-3.14%
03/02/2023,299.8,302.7,303.7,295.9,209770,-0.96%
03/01/2023,302.7,301.4,306.39,300.6,211180,0.43%
02/28/2023,301.39,304.7,305.6,300.11,196890,-1.09%
02/27/2023,304.7,308.69,309.4,300.7,244630,-1.30%
02/26/2023,308.7,302.4,309.6,300.71,158940,2.08%
02/25/2023,302.4,302.29,303.0,296.39,187880,0.04%
02/24/2023,302.29,308.3,311.9,298.91,342010,-1.95%
02/23/2023,308.3,312.7,314.99,305.9,313710,-1.41%
02/22/2023,312.7,311.5,312.8,303.69,383410,0.39%
02/21/2023,311.5,315.4,317.19,309.5,400360,-1.24%
02/20/2023,315.4,311.42,319.6,308.6,531110,1.03%
02/19/2023,312.19,316.5,318.59,311.0,348890,-1.36%
02/18/2023,316.5,313.1,318.88,313.1,294040,1.09%
02/17/2023,313.1,304.41,317.08,303.19,529230,2.85%
02/16/2023,304.41,317.5,327.09,304.11,891630,-4.12%
02/15/2023,317.5,296.2,317.59,294.11,483430,7.19%
02/14/2023,296.2,294.31,301.26,289.9,515800,0.64%
02/13/2023,294.31,312.6,315.3,283.0,1110000,-5.85%
02/12/2023,312.6,310.5,320.79,306.29,304930,0.74%
02/11/2023,310.31,305.8,311.29,305.2,161930,1.44%
02/10/2023,305.89,306.19,309.1,302.8,308560,-0.10%
02/09/2023,306.19,328.2,329.2,303.27,584310,-6.70%
02/08/2023,328.2,333.1,335.67,323.8,295990,-1.47%
02/07/2023,333.1,324.1,333.6,323.42,276960,2.78%
02/06/2023,324.1,327.7,331.19,321.41,299440,-1.10%
02/05/2023,327.7,330.4,337.59,324.21,406980,-0.82%
02/04/2023,330.4,332.2,334.0,327.21,213940,-0.54%
02/03/2023,332.2,322.7,335.0,318.6,585500,2.94%
02/02/2023,322.7,316.9,334.1,316.4,594260,1.83%
02/01/2023,316.9,312.11,319.3,305.82,401160,1.54%
01/31/2023,312.11,307.1,314.0,305.4,286170,1.63%
01/30/2023,307.1,317.19,320.7,302.71,417430,-3.21%
01/29/2023,317.29,306.1,320.4,304.9,442710,3.59%
01/28/2023,306.3,307.99,313.39,303.81,237850,-0.55%
01/27/2023,307.99,304.9,310.4,299.41,279350,1.02%
01/26/2023,304.9,306.71,309.5,302.0,350510,-0.59%
01/25/2023,306.71,300.3,313.7,293.81,460480,2.13%
01/24/2023,300.3,305.2,323.0,299.71,647050,-1.61%
01/23/2023,305.2,303.1,307.7,301.21,305820,0.69%
01/22/2023,303.1,299.1,311.3,298.7,392140,1.37%
01/21/2023,299.0,305.1,309.8,298.7,513430,-2.00%
01/20/2023,305.1,294.6,305.3,286.81,430190,3.56%
01/19/2023,294.6,286.9,295.3,286.32,222450,2.68%
01/18/2023,286.9,299.3,305.0,281.72,639910,-4.14%
01/17/2023,299.3,299.1,305.4,296.25,287830,0.07%
01/16/2023,299.1,302.1,308.0,293.69,361210,-0.99%
01/15/2023,302.1,305.2,306.1,292.1,297810,-1.02%
01/14/2023,305.2,293.7,314.3,293.5,726730,3.92%
01/13/2023,293.7,287.7,295.5,285.0,320900,2.08%
01/12/2023,287.7,284.6,288.2,279.3,396310,1.09%
01/11/2023,284.6,277.2,286.79,274.3,269530,2.71%
01/10/2023,277.1,272.61,278.69,270.71,266170,1.65%
01/09/2023,272.61,274.61,283.4,271.4,448390,-0.73%
01/08/2023,274.61,261.3,274.92,260.3,241530,5.09%
01/07/2023,261.3,259.9,263.59,259.4,118170,0.54%
01/06/2023,259.9,256.6,260.69,254.9,204290,1.29%
01/05/2023,256.6,258.9,259.1,255.3,148870,-0.93%
01/04/2023,259.0,246.2,260.8,245.7,372960,5.20%
01/03/2023,246.2,245.3,246.9,244.6,115830,0.41%
01/02/2023,245.2,244.4,247.9,241.2,174360,0.33%
01/01/2023,244.4,246.1,246.7,243.5,110050,-0.69%
12/31/2022,246.1,245.8,247.9,244.9,135160,0.12%
12/30/2022,245.8,246.3,246.6,242.8,129090,-0.20%
12/29/2022,246.3,244.4,246.7,243.4,164860,0.78%
12/28/2022,244.4,246.6,247.1,241.9,212710,-0.89%
12/27/2022,246.6,244.3,248.1,242.3,198690,0.94%
12/26/2022,244.3,243.2,244.8,242.0,117700,0.45%
12/25/2022,243.2,244.5,245.8,241.5,126340,-0.53%
12/24/2022,244.5,246.2,246.2,243.8,99070,-0.69%
12/23/2022,246.2,245.9,248.4,244.0,179050,0.12%
12/22/2022,245.9,246.2,248.2,240.4,250570,-0.12%
12/21/2022,246.2,251.4,251.4,245.4,196330,-2.07%
12/20/2022,251.4,240.5,253.0,239.4,323250,4.54%
12/19/2022,240.5,251.0,253.2,237.69,413640,-4.18%
12/18/2022,251.0,242.0,253.5,239.7,530960,3.72%
12/17/2022,242.0,231.1,244.0,220.5,794640,4.72%
12/16/2022,231.1,258.6,264.4,226.09,886190,-10.64%
12/15/2022,258.6,267.7,268.0,256.6,354610,-3.40%
12/14/2022,267.7,272.2,278.3,265.8,586480,-1.65%
12/13/2022,272.2,276.1,281.2,256.2,1320000,-1.41%
12/12/2022,276.1,284.5,285.7,272.71,511260,-2.95%
12/11/2022,284.5,288.2,291.19,283.5,209480,-1.25%
12/10/2022,288.1,286.1,289.8,285.8,149780,0.73%
12/09/2022,286.0,290.5,291.7,285.01,311720,-1.55%
12/08/2022,290.5,284.1,291.68,282.4,294820,2.25%
12/07/2022,284.1,290.2,290.69,281.6,376670,-2.10%
12/06/2022,290.2,288.41,290.69,286.82,259550,0.62%
12/05/2022,288.41,291.8,297.09,286.21,310020,-1.30%
12/04/2022,292.19,290.4,292.58,288.3,250920,0.62%
12/03/2022,290.4,293.5,294.29,290.0,242270,-1.06%
12/02/2022,293.5,292.1,293.8,285.7,375980,0.48%
12/01/2022,292.1,300.4,301.8,290.21,817470,-2.76%
11/30/2022,300.4,295.4,305.1,293.42,486750,1.69%
11/29/2022,295.39,293.5,305.18,289.22,438790,0.68%
11/28/2022,293.4,307.6,309.49,287.67,630460,-4.62%
11/27/2022,307.6,311.2,316.59,306.91,322340,-1.16%
11/26/2022,311.2,300.69,317.59,300.11,589310,3.59%
11/25/2022,300.41,300.11,305.16,294.41,481050,0.10%
11/24/2022,300.11,298.9,303.68,294.31,571610,0.47%
11/23/2022,298.69,266.68,301.29,265.0,1260000,12.00%
11/22/2022,266.68,254.1,267.77,252.31,371960,4.95%
11/21/2022,254.1,264.21,264.99,250.6,603900,-3.89%
11/20/2022,264.39,272.61,273.79,262.02,319520,-3.01%
11/19/2022,272.61,271.21,273.99,270.6,202450,-0.15%
11/18/2022,273.0,268.51,274.79,268.51,288040,1.68%
11/17/2022,268.5,270.2,273.3,263.61,390450,-0.63%
11/16/2022,270.2,277.0,280.09,269.03,408650,-2.46%
11/15/2022,277.0,279.0,282.09,273.7,464580,-0.72%
11/14/2022,279.0,276.7,291.79,268.02,852650,0.83%
11/13/2022,276.7,282.69,286.39,273.69,467740,-2.12%
11/12/2022,282.69,290.2,291.83,271.9,563530,-2.59%
11/11/2022,290.2,304.01,305.79,279.75,715640,-4.54%
11/10/2022,304.01,266.91,312.0,263.9,1450000,13.90%
11/09/2022,266.91,326.84,332.6,260.52,1990000,-18.50%
11/08/2022,327.5,336.9,393.42,300.16,3270000,-2.79%
11/07/2022,336.9,338.28,344.19,326.74,773890,-0.41%
11/06/2022,338.28,349.11,355.32,338.28,411730,-3.18%
11/05/2022,349.4,354.5,360.72,346.36,432340,-1.44%
11/04/2022,354.5,329.61,358.59,328.31,790510,7.55%
11/03/2022,329.61,320.2,338.21,318.11,652490,2.94%
11/02/2022,320.2,323.9,329.31,315.71,590360,-1.14%
11/01/2022,323.9,325.6,334.49,317.6,575820,-0.58%
10/31/2022,325.79,313.5,337.1,306.92,1100000,3.92%
10/30/2022,313.5,304.4,318.6,302.4,570880,2.99%
10/29/2022,304.4,297.81,308.2,295.7,581020,2.21%
10/28/2022,297.81,286.7,300.81,285.82,436300,3.84%
10/27/2022,286.8,290.3,293.29,284.9,331550,-1.21%
10/26/2022,290.3,284.1,291.99,284.1,331710,2.18%
10/25/2022,284.1,274.1,289.7,272.1,407250,3.65%
10/24/2022,274.1,275.99,277.2,271.7,162330,-0.68%
10/23/2022,275.99,270.49,276.69,268.89,144260,2.03%
10/22/2022,270.49,270.0,271.1,268.4,89930,0.18%
10/21/2022,270.0,269.0,271.0,263.9,208640,0.37%
10/20/2022,269.0,272.09,273.3,267.69,176430,-1.14%
10/19/2022,272.1,273.19,273.79,270.4,161820,-0.40%
10/18/2022,273.19,275.7,276.0,270.21,206230,-0.91%
10/17/2022,275.7,272.5,275.9,270.0,197490,1.17%
10/16/2022,272.5,268.2,273.8,268.0,194740,1.60%
10/15/2022,268.2,269.5,271.3,267.6,152000,-0.48%
10/14/2022,269.5,271.7,276.69,268.11,312390,-0.81%
10/13/2022,271.7,270.81,273.69,257.05,574010,0.33%
10/12/2022,270.81,271.31,272.8,269.4,178000,-0.18%
10/11/2022,271.31,271.51,273.8,267.89,236030,-0.08%
10/10/2022,271.51,278.2,279.1,271.51,227920,-2.37%
10/09/2022,278.11,276.4,279.4,275.21,179570,0.65%
10/08/2022,276.3,282.41,282.7,275.6,194350,-2.16%
10/07/2022,282.41,287.0,287.0,279.78,371130,-1.60%
10/06/2022,287.0,294.1,297.9,279.48,470760,-2.41%
10/05/2022,294.1,296.3,296.3,289.41,230540,-0.74%
10/04/2022,296.3,287.0,298.19,286.3,336490,3.24%
10/03/2022,287.0,284.7,288.8,283.54,290090,0.91%
10/02/2022,284.41,282.91,287.8,279.69,213310,0.53%
10/01/2022,282.91,284.89,285.31,277.99,207720,-0.69%
09/30/2022,284.89,284.0,289.8,280.69,411860,0.31%
09/29/2022,284.0,281.6,285.49,277.3,317640,0.85%
09/28/2022,281.6,272.39,283.69,266.5,376460,3.38%
09/27/2022,272.4,276.11,286.31,269.61,425490,-1.34%
09/26/2022,276.11,274.11,276.61,270.9,280450,0.73%
09/25/2022,274.11,274.59,279.6,271.31,233520,-0.18%
09/24/2022,274.6,276.7,284.9,274.6,340890,-0.79%
09/23/2022,276.8,275.3,277.79,269.4,376670,0.54%
09/22/2022,275.3,264.49,276.2,263.51,353190,4.09%
09/21/2022,264.49,266.3,276.29,260.71,557800,-0.64%
09/20/2022,266.21,272.0,273.5,265.49,350250,-2.13%
09/19/2022,272.0,266.2,272.9,256.71,531460,2.18%
09/18/2022,266.21,279.09,280.0,264.06,345830,-4.62%
09/17/2022,279.09,274.9,279.7,274.8,198670,1.53%
09/16/2022,274.9,271.0,276.4,268.61,325880,1.44%
09/15/2022,271.0,279.4,280.5,267.19,538130,-3.01%
09/14/2022,279.4,277.4,282.51,273.42,439580,0.72%
09/13/2022,277.4,294.1,298.02,275.7,598910,-5.58%
09/12/2022,293.81,295.4,299.8,290.9,425020,-0.54%
09/11/2022,295.4,296.6,298.09,291.0,274900,-0.41%
09/10/2022,296.61,293.4,298.6,290.5,346490,1.09%
09/09/2022,293.4,280.5,295.69,280.1,566000,4.60%
09/08/2022,280.5,278.81,282.29,275.7,401240,0.61%
09/07/2022,278.81,262.3,280.11,258.72,453820,6.29%
09/06/2022,262.3,276.71,286.2,262.0,666330,-5.21%
09/05/2022,276.71,278.91,281.21,273.5,271400,-0.79%
09/04/2022,278.91,277.8,280.3,275.11,203610,0.40%
09/03/2022,277.8,277.5,278.6,274.4,157250,0.11%
09/02/2022,277.5,278.4,283.1,274.1,335980,-0.29%
09/01/2022,278.31,279.2,280.3,270.82,438340,-0.29%
08/31/2022,279.11,281.5,289.8,277.7,402500,-0.85%
08/30/2022,281.5,285.9,292.0,276.8,454390,-1.54%
08/29/2022,285.9,276.49,286.6,272.4,501730,3.40%
08/28/2022,276.49,277.9,284.0,275.79,329440,-0.47%
08/27/2022,277.8,279.5,284.5,274.3,432310,-0.51%
08/26/2022,279.22,301.3,301.61,277.2,616520,-7.33%
08/25/2022,301.3,296.4,306.7,296.0,416120,1.65%
08/24/2022,296.4,299.11,300.11,294.5,357190,-0.91%
08/23/2022,299.11,300.2,301.6,293.9,419580,-0.36%
08/22/2022,300.2,301.71,304.4,288.89,665960,-0.50%
08/21/2022,301.71,283.8,303.91,283.6,561980,6.31%
08/20/2022,283.8,279.11,289.0,277.23,539840,1.67%
08/19/2022,279.12,298.1,298.1,277.99,913480,-6.34%
08/18/2022,298.01,306.9,310.39,295.99,434290,-2.90%
08/17/2022,306.9,316.1,323.62,304.7,530060,-2.91%
08/16/2022,316.11,319.5,322.3,312.39,390590,-1.06%
08/15/2022,319.5,317.51,327.11,313.89,478540,0.63%
08/14/2022,317.51,324.11,330.99,316.0,405750,-2.03%
08/13/2022,324.1,328.0,332.8,323.0,429430,-1.19%
08/12/2022,328.0,323.6,328.0,318.09,404310,1.36%
08/11/2022,323.6,328.8,334.6,322.1,574500,-1.58%
08/10/2022,328.8,324.4,336.6,313.8,877790,1.36%
08/09/2022,324.4,324.99,328.1,312.51,530170,-0.18%
08/08/2022,325.0,322.8,333.51,321.21,617090,0.68%
08/07/2022,322.8,315.2,325.31,308.67,449010,2.47%
08/06/2022,315.01,315.9,322.61,312.99,422570,-0.28%
08/05/2022,315.9,311.8,321.4,308.1,682090,1.41%
08/04/2022,311.5,297.5,313.1,297.3,849600,4.70%
08/03/2022,297.5,283.8,305.5,278.31,715470,4.83%
08/02/2022,283.8,283.49,290.81,274.69,652870,0.11%
08/01/2022,283.49,283.5,290.4,278.1,517910,0.00%
07/31/2022,283.5,287.8,296.9,282.21,592910,-1.46%
07/30/2022,287.7,293.61,299.9,285.1,721680,-2.01%
07/29/2022,293.61,277.2,301.51,274.9,1130000,5.92%
07/28/2022,277.2,271.6,280.5,263.91,707000,2.06%
07/27/2022,271.6,249.5,271.89,247.6,687730,8.94%
07/26/2022,249.3,244.69,249.3,239.7,383390,1.88%
07/25/2022,244.7,261.49,262.6,244.7,479420,-6.42%
07/24/2022,261.5,259.2,266.0,257.29,348730,0.89%
07/23/2022,259.2,262.5,272.31,252.9,510760,-1.15%
07/22/2022,262.21,265.5,271.3,261.2,527650,-1.24%
07/21/2022,265.5,258.11,265.9,250.8,569550,2.79%
07/20/2022,258.3,268.6,272.0,256.7,800680,-3.83%
07/19/2022,268.6,264.2,274.5,256.0,973370,1.51%
07/18/2022,264.6,247.8,265.31,247.7,777090,6.78%
07/17/2022,247.8,249.8,255.5,246.6,463530,-0.80%
07/16/2022,249.79,238.5,251.0,233.99,461480,4.78%
07/15/2022,238.4,238.4,242.51,235.6,484600,0.00%
07/14/2022,238.4,230.59,239.8,227.11,603250,3.39%
07/13/2022,230.59,220.6,230.89,216.7,754340,4.53%
07/12/2022,220.6,225.7,228.3,220.29,427300,-2.26%
07/11/2022,225.7,234.6,234.9,225.29,435870,-3.79%
07/10/2022,234.6,243.39,243.49,231.89,412680,-3.61%
07/09/2022,243.39,240.8,244.9,240.7,281310,1.08%
07/08/2022,240.8,241.49,247.0,237.19,666740,-0.29%
07/07/2022,241.5,238.49,243.69,235.4,514190,1.22%
07/06/2022,238.59,231.09,239.81,229.01,683510,3.24%
07/05/2022,231.09,231.3,236.6,223.12,731550,-0.09%
07/04/2022,231.3,219.2,232.11,215.09,543900,5.52%
07/03/2022,219.2,218.2,219.9,214.22,386920,0.46%
07/02/2022,218.2,216.9,219.7,213.91,367350,0.65%
07/01/2022,216.79,219.41,226.8,213.6,862600,-1.18%
06/30/2022,219.39,219.69,220.19,205.9,829040,-0.14%
06/29/2022,219.69,227.09,229.7,215.7,755920,-3.26%
06/28/2022,227.09,233.7,242.31,225.99,669950,-2.82%
06/27/2022,233.69,233.91,240.79,230.4,508720,-0.13%
06/26/2022,234.0,239.69,244.99,233.4,491510,-2.38%
06/25/2022,239.69,240.19,241.9,230.0,521630,-0.21%
06/24/2022,240.19,228.8,243.09,228.4,745880,4.97%
06/23/2022,228.81,214.1,230.19,214.1,829960,6.87%
06/22/2022,214.1,220.1,220.79,211.39,736670,-2.73%
06/21/2022,220.1,216.5,228.39,213.3,884070,1.62%
06/20/2022,216.6,215.0,218.71,204.89,928370,0.74%
06/19/2022,215.0,197.09,216.52,189.8,1180000,9.09%
06/18/2022,197.09,215.7,218.9,184.06,1520000,-8.63%
06/17/2022,215.7,210.1,221.8,207.9,732050,2.66%
06/16/2022,210.1,233.7,236.82,207.9,1040000,-10.09%
06/15/2022,233.7,223.13,234.49,198.99,2220000,4.61%
06/14/2022,223.4,222.71,231.18,204.61,2110000,0.31%
06/13/2022,222.71,254.9,257.69,213.91,2630000,-12.63%
06/12/2022,254.9,269.71,271.8,251.24,922740,-5.49%
06/11/2022,269.71,286.29,290.4,265.58,666560,-5.79%
06/10/2022,286.29,289.9,297.4,283.2,902830,-1.25%
06/09/2022,289.9,288.4,293.4,286.39,368850,0.52%
06/08/2022,288.41,290.3,294.57,284.12,561290,-0.65%
06/07/2022,290.3,295.2,295.72,274.17,1080000,-1.66%
06/06/2022,295.2,298.98,312.11,288.46,821940,-1.26%
06/05/2022,298.98,301.4,302.4,295.0,306120,-0.80%
06/04/2022,301.4,297.93,302.8,297.32,326830,0.90%
06/03/2022,298.7,308.41,310.2,293.49,515220,-3.15%
06/02/2022,308.41,300.49,309.21,298.38,522000,2.63%
06/01/2022,300.49,320.79,324.29,297.71,886640,-6.33%
05/31/2022,320.79,321.8,324.6,313.61,751920,-0.31%
05/30/2022,321.8,305.9,323.7,304.1,1090000,5.20%
05/29/2022,305.9,307.59,308.01,299.01,551180,-0.55%
05/28/2022,307.59,301.45,310.26,297.1,678020,2.16%
05/27/2022,301.09,303.19,309.5,291.4,1600000,-0.70%
05/26/2022,303.2,325.79,331.61,298.31,1590000,-6.93%
05/25/2022,325.79,328.3,337.39,324.48,1120000,-0.76%
05/24/2022,328.3,316.98,330.2,313.49,1160000,3.57%
05/23/2022,316.98,319.31,337.0,315.49,1080000,-0.72%
05/22/2022,319.3,312.4,323.39,311.7,673700,2.21%
05/21/2022,312.4,302.29,314.1,299.5,505940,3.35%
05/20/2022,302.28,306.99,315.86,294.39,980100,-1.50%
05/19/2022,306.9,287.61,308.9,287.1,724790,6.71%
05/18/2022,287.61,306.1,308.3,287.09,767470,-6.04%
05/17/2022,306.1,297.02,310.6,296.79,737170,3.06%
05/16/2022,297.0,312.2,312.4,290.4,1010000,-4.87%
05/15/2022,312.2,296.9,312.6,285.9,792500,5.15%
05/14/2022,296.9,290.89,299.4,272.4,1120000,2.07%
05/13/2022,290.89,268.51,313.1,265.6,1950000,8.34%
05/12/2022,268.51,270.92,284.7,219.98,4590000,-0.89%
05/11/2022,270.92,319.0,322.7,261.48,3610000,-15.07%
05/10/2022,318.99,296.31,332.4,289.8,2310000,7.66%
05/09/2022,296.3,355.79,359.29,296.3,2280000,-16.74%
05/08/2022,355.88,365.48,366.9,350.58,866370,-2.63%
05/07/2022,365.48,379.11,380.6,360.62,632400,-3.60%
05/06/2022,379.11,378.48,383.09,370.69,818350,0.14%
05/05/2022,378.57,402.51,412.81,374.66,1350000,-5.95%
05/04/2022,402.51,383.8,403.09,382.88,651200,4.88%
05/03/2022,383.79,389.5,392.2,379.89,423700,-1.47%
05/02/2022,389.5,389.91,392.39,382.39,487850,-0.10%
05/01/2022,389.89,376.99,391.3,376.0,632320,3.42%
04/30/2022,377.01,392.99,399.8,376.69,634840,-4.07%
04/29/2022,392.99,407.19,410.59,390.1,781510,-3.49%
04/28/2022,407.19,391.31,408.41,388.51,1030000,4.06%
04/27/2022,391.31,385.91,394.61,383.6,633900,1.40%
04/26/2022,385.91,404.3,407.31,381.21,689800,-4.55%
04/25/2022,404.3,398.89,405.41,383.0,935570,1.35%
04/24/2022,398.9,401.12,405.39,397.78,368200,-0.55%
04/23/2022,401.1,406.6,407.99,398.58,392090,-1.35%
04/22/2022,406.6,405.0,413.81,403.52,621070,0.40%
04/21/2022,405.0,418.29,425.81,401.72,830740,-3.18%
04/20/2022,418.29,422.2,431.12,415.2,749980,-0.93%
04/19/2022,422.2,416.82,424.53,414.79,663870,1.29%
04/18/2022,416.82,406.79,418.01,396.41,690230,2.46%
04/17/2022,406.81,417.1,418.2,405.71,338550,-2.47%
04/16/2022,417.1,417.22,418.7,411.7,272230,-0.03%
04/15/2022,417.22,414.7,419.99,412.69,389030,0.61%
04/14/2022,414.7,423.11,426.89,411.62,529980,-1.98%
04/13/2022,423.08,413.67,424.49,410.61,724410,2.28%
04/12/2022,413.67,394.22,416.6,392.57,821330,4.94%
04/11/2022,394.2,417.82,419.6,391.87,962780,-5.65%
04/10/2022,417.82,426.83,429.41,417.47,432810,-2.11%
04/09/2022,426.83,421.58,428.2,419.81,414750,1.24%
04/08/2022,421.6,436.31,440.71,418.91,769820,-3.37%
04/07/2022,436.31,420.19,438.49,416.88,803590,3.84%
04/06/2022,420.19,444.6,444.6,418.55,1030000,-5.49%
04/05/2022,444.6,447.83,459.98,444.29,838170,-0.73%
04/04/2022,447.87,450.31,450.5,433.63,840540,-0.54%
04/03/2022,450.3,436.85,455.68,432.3,766760,3.09%
04/02/2022,436.82,447.61,453.96,435.99,915820,-2.41%
04/01/2022,447.59,428.84,447.59,413.53,1080000,4.37%
03/31/2022,428.84,442.01,452.11,424.49,1080000,-2.98%
03/30/2022,442.01,434.17,449.2,425.78,856980,1.78%
03/29/2022,434.27,429.81,441.6,429.7,706070,1.04%
03/28/2022,429.81,430.71,440.82,428.29,806520,-0.21%
03/27/2022,430.71,415.82,431.39,411.81,549350,3.52%
03/26/2022,416.08,410.21,416.4,407.5,318190,1.43%
03/25/2022,410.21,414.29,421.49,405.63,664780,-0.98%
03/24/2022,414.29,408.41,416.5,405.38,654660,1.46%
03/23/2022,408.32,404.21,411.61,398.38,584510,1.02%
03/22/2022,404.21,396.08,409.9,394.99,671450,2.05%
03/21/2022,396.09,390.82,399.21,385.59,595930,1.35%
03/20/2022,390.82,399.91,400.61,386.41,447960,-2.29%
03/19/2022,400.0,397.2,406.1,395.1,520290,0.70%
03/18/2022,397.2,391.9,400.0,384.1,216450000,1.35%
03/17/2022,391.9,385.3,393.2,381.8,220720000,1.69%
03/16/2022,385.4,371.6,386.5,368.1,252610000,3.77%
03/15/2022,371.4,373.3,374.6,362.3,162420000,-0.51%
03/14/2022,373.3,361.6,373.9,359.8,171960000,3.24%
03/13/2022,361.6,372.4,377.1,360.2,157450000,-2.90%
03/12/2022,372.4,371.9,379.2,371.3,151350000,0.13%
03/11/2022,371.9,372.0,379.7,364.9,189860000,-0.05%
03/10/2022,372.1,393.1,394.5,363.2,296480000,-5.34%
03/09/2022,393.1,381.4,402.3,381.1,399540000,2.96%
03/08/2022,381.8,381.1,387.9,377.2,247920000,0.18%
03/07/2022,381.1,375.0,385.5,363.2,356420000,1.65%
03/06/2022,374.9,384.7,387.2,372.9,185660000,-2.55%
03/05/2022,384.7,374.5,387.2,367.8,171620000,2.72%
03/04/2022,374.5,402.6,403.39,372.09,294170000,-6.98%
03/03/2022,402.6,409.2,413.08,397.6,648920,-1.61%
03/02/2022,409.2,408.59,415.59,403.9,874330,0.15%
03/01/2022,408.59,395.61,420.35,391.0,1480000,3.28%
02/28/2022,395.61,359.92,397.09,356.0,815140,9.92%
02/27/2022,359.91,373.6,380.9,358.21,726150,-3.59%
02/26/2022,373.31,375.17,385.6,370.6,584740,-0.42%
02/25/2022,374.89,361.19,376.9,357.09,834850,3.82%
02/24/2022,361.1,365.69,369.8,323.89,2030000,-1.26%
02/23/2022,365.69,374.2,383.82,365.6,739080,-2.27%
02/22/2022,374.2,356.52,374.92,349.3,984890,4.96%
02/21/2022,356.5,380.32,393.61,355.01,1270000,-6.26%
02/20/2022,380.31,399.7,399.99,375.39,667900,-4.85%
02/19/2022,399.7,399.21,406.31,393.21,448750,0.12%
02/18/2022,399.2,402.97,410.99,392.89,657320,-0.94%
02/17/2022,402.97,427.38,431.0,400.19,713820,-5.71%
02/16/2022,427.38,432.31,433.3,422.8,661380,-1.12%
02/15/2022,432.21,403.49,441.2,402.7,1240000,7.12%
02/14/2022,403.49,397.83,404.2,390.61,500690,1.43%
02/13/2022,397.8,403.22,407.02,394.9,426230,-1.34%
02/12/2022,403.2,400.16,406.9,393.59,569680,0.75%
02/11/2022,400.19,414.89,418.8,392.9,767570,-3.54%
02/10/2022,414.89,422.81,434.69,410.5,1020000,-1.87%
02/09/2022,422.8,407.71,427.3,407.31,686300,3.70%
02/08/2022,407.72,433.29,444.86,406.41,1220000,-5.90%
02/07/2022,433.29,420.01,438.61,413.59,810270,3.16%
02/06/2022,420.0,413.99,421.3,407.79,576760,1.45%
02/05/2022,413.99,399.49,430.88,396.6,1100000,3.63%
02/04/2022,399.49,371.88,399.49,369.62,924970,7.42%
02/03/2022,371.88,367.1,371.9,359.82,535060,1.30%
02/02/2022,367.1,384.21,386.11,366.3,612860,-4.45%
02/01/2022,384.21,374.31,388.02,374.01,594730,2.67%
01/31/2022,374.21,377.5,385.2,365.59,658950,-0.87%
01/30/2022,377.5,389.29,389.49,372.81,572480,-3.03%
01/29/2022,389.29,386.0,396.92,381.21,579880,0.85%
01/28/2022,386.0,390.03,395.13,376.19,812650,-1.03%
01/27/2022,390.03,374.91,393.0,360.1,1050000,4.03%
01/26/2022,374.91,384.88,401.34,366.4,1160000,-2.59%
01/25/2022,384.88,371.59,387.97,357.79,1100000,3.58%
01/24/2022,371.58,384.1,384.1,336.82,2040000,-3.26%
01/23/2022,384.1,358.3,388.89,356.6,1370000,7.14%
01/22/2022,358.5,384.3,388.99,337.57,2710000,-6.71%
01/21/2022,384.3,440.43,444.31,374.98,1990000,-12.74%
01/20/2022,440.43,462.27,478.29,438.49,1220000,-4.73%
01/19/2022,462.28,471.21,472.8,454.09,626890,-1.89%
01/18/2022,471.21,475.01,479.31,457.5,749840,-0.80%
01/17/2022,475.01,498.5,498.98,467.4,805110,-4.71%
01/16/2022,498.5,494.49,505.59,488.9,549920,0.77%
01/15/2022,494.67,490.0,500.8,485.3,607710,0.95%
01/14/2022,490.0,475.12,492.08,468.29,896280,3.14%
01/13/2022,475.09,487.04,488.9,467.09,994440,-2.45%
01/12/2022,487.01,463.51,489.6,456.71,883730,5.08%
01/11/2022,463.48,424.81,467.5,421.5,1350000,9.10%
01/10/2022,424.81,438.6,445.4,407.67,1290000,-3.14%
01/09/2022,438.6,429.32,444.4,427.31,751210,2.16%
01/08/2022,429.32,447.9,459.3,417.13,1120000,-4.11%
01/07/2022,447.71,472.89,473.7,438.2,1380000,-5.33%
01/06/2022,472.89,473.61,481.3,459.41,1020000,-0.15%
01/05/2022,473.61,506.99,515.81,459.04,1030000,-6.59%
01/04/2022,507.0,511.7,519.7,502.4,724320,-0.92%
01/03/2022,511.7,531.0,532.6,510.21,700850,-3.68%
01/02/2022,531.28,527.41,533.59,518.4,435890,0.74%
01/01/2022,527.4,511.7,527.51,511.6,478600,3.07%
12/31/2021,511.7,518.5,528.1,507.11,726070,-1.31%
12/30/2021,518.5,514.5,527.6,508.81,676810,0.83%
12/29/2021,514.22,534.21,540.4,511.2,776590,-3.74%
12/28/2021,534.19,563.59,563.6,529.27,1050000,-5.17%
12/27/2021,563.3,546.49,571.6,543.29,844130,3.08%
12/26/2021,546.49,547.33,549.2,536.39,579220,-0.15%
12/25/2021,547.33,541.78,550.4,539.67,500450,1.02%
12/24/2021,541.78,548.7,554.12,537.96,728050,-1.26%
12/23/2021,548.7,533.43,552.31,524.73,897970,2.86%
12/22/2021,533.43,528.5,544.5,527.4,778930,0.93%
12/21/2021,528.5,523.34,535.19,517.51,705940,0.99%
12/20/2021,523.31,529.9,534.59,506.31,767190,-1.24%
12/19/2021,529.9,534.19,544.21,527.51,575840,-0.81%
12/18/2021,534.2,525.9,537.69,516.7,614600,1.58%
12/17/2021,525.9,526.01,535.42,511.3,959710,-0.02%
12/16/2021,526.01,541.1,545.02,525.3,777270,-2.79%
12/15/2021,541.1,528.3,546.23,502.09,1230000,2.42%
12/14/2021,528.3,520.88,535.68,510.21,1370000,1.42%
12/13/2021,520.88,570.51,572.11,512.07,1110000,-8.70%
12/12/2021,570.51,563.24,574.01,559.51,594620,1.29%
12/11/2021,563.24,552.53,572.16,542.33,1020000,1.94%
12/10/2021,552.53,570.77,594.92,551.46,1190000,-3.20%
12/09/2021,570.78,606.9,616.24,567.92,1200000,-5.95%
12/08/2021,606.9,578.69,607.49,567.51,1220000,4.87%
12/07/2021,578.7,588.59,593.41,572.3,1110000,-1.68%
12/06/2021,588.59,557.61,592.61,533.3,2160000,5.56%
12/05/2021,557.6,568.6,581.81,542.72,1300000,-1.94%
12/04/2021,568.62,594.62,595.9,495.12,2710000,-4.37%
12/03/2021,594.62,620.21,627.8,576.78,1330000,-4.13%
12/02/2021,620.21,627.32,629.72,605.61,1170000,-1.13%
12/01/2021,627.32,621.51,649.59,618.72,1460000,0.66%
11/30/2021,623.23,623.6,634.52,603.71,1460000,-0.06%
11/29/2021,623.61,611.58,628.62,601.99,1150000,1.96%
11/28/2021,611.61,600.3,612.57,573.96,1360000,1.88%
11/27/2021,600.3,587.62,621.19,584.3,1270000,2.62%
11/26/2021,584.96,639.17,657.7,564.63,2540000,-8.43%
11/25/2021,638.79,590.61,646.51,587.72,1620000,8.16%
11/24/2021,590.61,591.1,593.89,577.4,1140000,-0.12%
11/23/2021,591.3,559.69,604.8,558.3,1260000,5.65%
11/22/2021,559.69,585.14,585.14,554.3,1200000,-4.35%
11/21/2021,585.14,604.28,604.91,580.11,1030000,-3.17%
11/20/2021,604.28,581.0,604.7,573.58,1180000,3.99%
11/19/2021,581.09,531.89,585.39,524.7,1380000,9.11%
11/18/2021,532.56,578.3,587.9,517.13,1820000,-7.91%
11/17/2021,578.31,588.91,592.5,554.64,1550000,-1.80%
11/16/2021,588.91,633.81,634.51,574.03,2300000,-7.04%
11/15/2021,633.51,650.8,659.2,631.3,992200,-2.66%
11/14/2021,650.8,649.5,660.2,634.81,987160,0.20%
11/13/2021,649.5,626.92,654.7,620.8,944980,3.60%
11/12/2021,626.91,627.91,634.5,603.9,1070000,-0.30%
11/11/2021,628.8,614.8,634.8,606.01,1070000,2.28%
11/10/2021,614.81,634.9,662.6,575.72,1890000,-3.06%
11/09/2021,634.24,653.79,656.68,632.11,930880,-2.99%
11/08/2021,653.79,649.5,655.49,631.7,1350000,0.66%
11/07/2021,649.5,636.3,668.8,630.91,1540000,2.07%
11/06/2021,636.3,607.31,636.3,595.99,1430000,4.77%
11/05/2021,607.31,558.7,614.61,554.42,2120000,8.61%
11/04/2021,559.16,568.48,568.69,543.82,1150000,-1.63%
11/03/2021,568.4,554.28,569.87,537.61,1380000,2.55%
11/02/2021,554.28,551.5,563.7,537.62,1280000,0.50%
11/01/2021,551.53,524.65,551.91,511.74,1440000,5.16%
10/31/2021,524.46,528.2,534.89,509.32,1160000,-0.71%
10/30/2021,528.2,529.61,540.31,512.18,1190000,-0.25%
10/29/2021,529.52,492.09,533.6,488.99,1570000,7.61%
10/28/2021,492.09,448.7,494.69,446.6,1690000,9.67%
10/27/2021,448.69,478.02,486.29,438.55,1510000,-6.13%
10/26/2021,478.01,484.91,489.58,474.17,795250,-1.42%
10/25/2021,484.91,475.7,488.58,474.82,720340,1.92%
10/24/2021,475.8,485.41,486.42,468.02,668750,-1.98%
10/23/2021,485.41,478.83,485.41,472.91,597100,1.38%
10/22/2021,478.83,470.92,497.89,470.92,1230000,1.64%
10/21/2021,471.1,501.3,504.79,467.26,2020000,-5.99%
10/20/2021,501.11,488.1,505.62,482.35,1050000,2.67%
10/19/2021,488.1,485.0,497.4,481.1,1010000,0.64%
10/18/2021,485.0,470.91,487.2,467.22,1200000,3.04%
10/17/2021,470.71,465.12,472.4,455.77,978520,1.20%
10/16/2021,465.12,474.31,484.4,462.43,1140000,-1.94%
10/15/2021,474.31,472.42,477.41,452.85,1640000,0.40%
10/14/2021,472.42,470.41,482.59,461.8,1560000,0.43%
10/13/2021,470.41,444.39,471.6,434.08,3590000,6.03%
10/12/2021,443.65,413.39,444.01,392.49,2120000,7.32%
10/11/2021,413.38,404.19,423.86,400.42,836990,2.27%
10/10/2021,404.19,421.72,422.18,402.41,802320,-4.15%
10/09/2021,421.69,418.7,425.88,416.51,695800,0.71%
10/08/2021,418.7,438.21,441.59,416.0,1650000,-4.45%
10/07/2021,438.21,434.79,449.89,424.11,1280000,0.76%
10/06/2021,434.88,442.19,442.79,414.91,1360000,-1.66%
10/05/2021,442.21,426.39,443.9,424.21,973600,3.69%
10/04/2021,426.48,430.32,430.87,411.61,1070000,-0.89%
10/03/2021,430.32,427.18,436.89,422.34,936530,0.73%
10/02/2021,427.22,421.31,438.0,410.8,1220000,1.40%
10/01/2021,421.31,387.59,423.3,381.79,1570000,8.70%
09/30/2021,387.59,367.49,388.49,366.49,1250000,5.47%
09/29/2021,367.51,332.91,375.01,331.57,1850000,10.38%
09/28/2021,332.94,335.32,344.41,330.01,1020000,-0.71%
09/27/2021,335.32,344.52,357.5,335.3,1040000,-2.67%
09/26/2021,344.53,349.51,352.62,320.1,1690000,-1.43%
09/25/2021,349.51,355.1,360.49,343.72,967040,-1.57%
09/24/2021,355.1,383.53,384.99,334.67,1790000,-7.44%
09/23/2021,383.63,378.82,384.49,369.21,1040000,1.27%
09/22/2021,378.83,343.36,379.89,342.42,1150000,10.35%
09/21/2021,343.3,364.17,375.69,337.35,1710000,-5.58%
09/20/2021,363.6,408.39,409.6,355.33,2020000,-10.97%
09/19/2021,408.39,410.7,418.95,403.45,819710,-0.56%
09/18/2021,410.7,406.22,419.87,401.63,810070,1.11%
09/17/2021,406.21,424.22,425.79,401.37,923270,-4.24%
09/16/2021,424.22,431.2,433.9,415.99,1120000,-1.60%
09/15/2021,431.1,414.29,436.39,410.1,1270000,4.06%
09/14/2021,414.29,399.0,414.29,396.11,997130,3.83%
09/13/2021,399.0,416.98,419.39,385.32,1620000,-4.31%
09/12/2021,416.99,405.1,421.29,398.0,1030000,2.94%
09/11/2021,405.1,401.1,415.09,399.52,967250,1.00%
09/10/2021,401.1,421.2,438.89,393.91,1590000,-4.77%
09/09/2021,421.2,414.61,435.59,404.11,1600000,1.59%
09/08/2021,414.6,417.32,425.48,383.71,2170000,-0.65%
09/07/2021,417.31,496.11,504.58,373.12,3540000,-15.88%
09/06/2021,496.11,504.49,508.86,487.85,1180000,-1.66%
09/05/2021,504.49,497.4,505.17,488.91,926280,1.43%
09/04/2021,497.4,488.49,509.75,485.62,1310000,1.88%
09/03/2021,488.2,483.84,494.49,473.55,1150000,0.90%
09/02/2021,483.84,489.39,504.56,478.16,1290000,-1.21%
09/01/2021,489.78,464.29,489.98,455.51,1360000,5.49%
08/31/2021,464.29,460.1,477.08,452.5,1520000,0.91%
08/30/2021,460.1,479.82,480.87,457.43,1160000,-4.07%
08/29/2021,479.63,486.0,495.47,476.81,945020,-1.31%
08/28/2021,486.01,494.48,496.78,482.71,925230,-1.71%
08/27/2021,494.48,477.83,494.88,467.52,1600000,3.48%
08/26/2021,477.83,503.44,518.58,472.73,2290000,-5.09%
08/25/2021,503.44,471.95,506.84,470.14,2300000,6.67%
08/24/2021,471.95,499.79,504.05,461.33,2140000,-5.57%
08/23/2021,499.79,448.68,508.85,447.02,2720000,11.39%
08/22/2021,448.68,448.64,458.23,438.03,1170000,0.01%
08/21/2021,448.64,454.89,459.99,444.81,1470000,-1.37%
08/20/2021,454.87,431.42,457.54,421.98,1730000,5.44%
08/19/2021,431.42,396.44,431.42,391.07,1890000,8.81%
08/18/2021,396.48,401.94,412.07,386.69,1810000,-1.36%
08/17/2021,401.94,416.08,435.64,399.39,2040000,-3.40%
08/16/2021,416.08,414.1,436.64,411.06,1900000,0.48%
08/15/2021,414.1,408.91,414.88,396.65,1280000,1.27%
08/14/2021,408.91,410.89,418.76,400.43,1490000,-0.48%
08/13/2021,410.9,385.51,411.03,383.0,1300000,6.59%
08/12/2021,385.51,391.48,406.08,371.8,1900000,-1.52%
08/11/2021,391.48,371.9,408.17,371.12,1970000,5.26%
08/10/2021,371.9,354.5,376.2,348.97,1710000,4.91%
08/09/2021,354.5,341.83,357.34,333.53,1330000,3.70%
08/08/2021,341.83,356.18,359.78,337.08,1320000,-4.06%
08/07/2021,356.28,342.08,359.58,340.65,1590000,4.15%
08/06/2021,342.08,337.88,347.0,331.43,1310000,1.24%
08/05/2021,337.88,334.89,339.91,323.71,1300000,0.89%
08/04/2021,334.89,323.39,337.04,319.97,1010000,3.62%
08/03/2021,323.19,330.86,334.61,317.7,1180000,-2.32%
08/02/2021,330.86,332.76,338.06,326.39,1150000,-0.58%
08/01/2021,332.78,332.32,347.44,329.82,1700000,0.11%
07/31/2021,332.41,322.61,337.95,317.64,1550000,3.03%
07/30/2021,322.63,316.72,325.26,306.75,1450000,1.87%
07/29/2021,316.72,313.76,319.97,309.08,1130000,0.94%
07/28/2021,313.76,313.69,318.59,308.53,1470000,0.03%
07/27/2021,313.67,304.31,318.25,298.53,1890000,3.08%
07/26/2021,304.31,302.6,327.62,301.19,2860000,0.58%
07/25/2021,302.57,302.55,303.09,292.85,1250000,-0.19%
07/24/2021,303.15,298.91,305.01,296.16,1810000,1.42%
07/23/2021,298.89,293.51,301.15,281.68,1980000,1.83%
07/22/2021,293.53,293.08,297.69,287.55,1470000,0.15%
07/21/2021,293.08,264.59,298.69,261.51,2180000,10.77%
07/20/2021,264.59,280.48,283.25,255.79,2250000,-5.66%
07/19/2021,280.47,302.16,303.49,279.38,1630000,-7.18%
07/18/2021,302.18,300.34,309.0,299.6,1030000,0.62%
07/17/2021,300.31,302.88,306.41,295.11,1310000,-0.84%
07/16/2021,302.84,315.62,323.21,301.85,1770000,-4.04%
07/15/2021,315.58,309.49,324.15,301.92,2490000,1.98%
07/14/2021,309.45,308.96,313.29,290.93,1650000,0.15%
07/13/2021,308.98,316.15,318.16,305.35,1080000,-2.27%
07/12/2021,316.17,321.91,334.34,308.77,1520000,-1.77%
07/11/2021,321.88,316.07,326.55,312.28,929540,1.84%
07/10/2021,316.07,316.77,321.2,310.82,958950,-0.22%
07/09/2021,316.77,310.52,319.48,302.28,1280000,2.01%
07/08/2021,310.52,327.65,328.17,307.04,1890000,-5.24%
07/07/2021,327.68,320.01,339.36,318.33,2020000,2.39%
07/06/2021,320.02,302.01,321.89,301.95,2340000,5.86%
07/05/2021,302.31,307.88,307.88,292.4,1620000,-1.81%
07/04/2021,307.88,299.25,314.73,299.1,1500000,2.88%
07/03/2021,299.25,287.37,302.93,283.06,1110000,4.13%
07/02/2021,287.38,287.64,290.58,276.78,1180000,-0.09%
07/01/2021,287.63,303.24,303.41,281.4,1620000,-5.15%
06/30/2021,303.25,299.88,304.71,281.84,2360000,1.12%
06/29/2021,299.88,289.85,315.04,289.27,2430000,3.47%
06/28/2021,289.83,290.87,298.93,283.91,2160000,-0.35%
06/27/2021,290.86,279.45,291.08,270.0,1790000,4.08%
06/26/2021,279.45,281.15,290.05,264.47,2630000,-0.60%
06/25/2021,281.13,308.57,314.08,275.62,3260000,-8.81%
06/24/2021,308.31,296.13,316.2,281.74,3120000,4.11%
06/23/2021,296.14,261.47,309.45,251.9,4070000,13.27%
06/22/2021,261.45,271.81,290.65,225.93,6750000,-3.80%
06/21/2021,271.8,339.09,341.52,269.45,4550000,-19.94%
06/20/2021,339.47,334.15,340.38,310.54,1990000,1.58%
06/19/2021,334.19,336.71,344.33,331.88,1330000,-0.74%
06/18/2021,336.67,352.66,357.03,327.39,1950000,-4.53%
06/17/2021,352.64,347.14,362.36,346.18,1530000,1.58%
06/16/2021,347.15,366.77,366.77,343.49,1890000,-5.35%
06/15/2021,366.78,370.08,379.49,363.84,1900000,-0.89%
06/14/2021,370.06,365.83,377.02,355.23,2420000,1.16%
06/13/2021,365.83,343.26,369.0,330.64,2390000,6.58%
06/12/2021,343.23,345.59,348.75,325.63,2550000,-0.65%
06/11/2021,345.46,351.46,365.51,341.53,2710000,-1.70%
06/10/2021,351.43,375.53,376.81,344.96,2960000,-6.36%
06/09/2021,375.29,352.54,378.44,333.69,4240000,6.42%
06/08/2021,352.64,358.05,365.89,320.39,5990000,-1.52%
06/07/2021,358.08,393.23,406.99,354.55,3600000,-8.93%
06/06/2021,393.2,390.09,399.82,382.07,2270000,0.80%
06/05/2021,390.09,390.68,425.57,374.62,4790000,-0.23%
06/04/2021,390.97,428.47,428.71,366.56,5920000,-8.56%
06/03/2021,427.59,401.13,432.58,391.83,5060000,6.60%
06/02/2021,401.12,362.39,417.41,351.19,5260000,10.69%
06/01/2021,362.39,353.63,364.16,340.56,4420000,2.45%
05/31/2021,353.74,325.6,355.43,307.9,4970000,8.65%
05/30/2021,325.59,304.81,337.77,291.72,4520000,6.83%
05/29/2021,304.76,329.31,346.88,296.43,4570000,-7.45%
05/28/2021,329.31,369.79,373.28,313.42,6310000,-10.38%
05/27/2021,367.46,379.2,387.17,340.81,5180000,-3.10%
05/26/2021,379.22,343.76,387.25,337.4,5820000,10.31%
05/25/2021,343.77,345.44,374.86,307.55,7930000,-0.36%
05/24/2021,345.02,261.56,349.89,257.97,8070000,31.90%
05/23/2021,261.57,299.25,312.85,212.41,9230000,-12.59%
05/22/2021,299.25,326.44,334.69,286.5,5570000,-8.33%
05/21/2021,326.44,391.12,414.79,276.78,9210000,-16.86%
05/20/2021,392.64,335.09,423.5,287.48,8490000,17.16%
05/19/2021,335.12,508.27,515.55,282.3,11920000,-34.07%
05/18/2021,508.28,511.79,533.45,496.65,2860000,-0.68%
05/17/2021,511.76,563.37,563.38,484.3,4240000,-9.17%
05/16/2021,563.41,562.84,606.53,535.01,3070000,0.10%
05/15/2021,562.85,602.44,610.39,560.58,2380000,-6.57%
05/14/2021,602.46,571.76,614.69,566.69,2300000,5.37%
05/13/2021,571.76,585.61,632.91,527.16,5740000,-2.36%
05/12/2021,585.6,671.61,684.51,585.35,2920000,-12.89%
05/11/2021,672.26,631.66,672.98,622.87,2780000,6.42%
05/10/2021,631.68,661.65,690.87,592.52,3240000,-4.53%
05/09/2021,661.65,646.17,678.27,631.44,2450000,2.39%
05/08/2021,646.18,624.35,657.77,618.73,2330000,3.55%
05/07/2021,624.02,633.99,644.14,612.12,2260000,-1.46%
05/06/2021,633.28,650.81,653.58,620.02,2350000,-2.72%
05/05/2021,650.99,620.81,656.35,620.55,2550000,5.01%
05/04/2021,619.96,676.25,677.67,619.79,4130000,-8.37%
05/03/2021,676.56,621.96,679.98,621.56,3140000,8.78%
05/02/2021,621.95,619.91,628.93,595.75,2350000,0.34%
05/01/2021,619.84,623.25,643.21,611.49,2720000,-0.56%
04/30/2021,623.33,599.89,627.71,586.03,3750000,3.82%
04/29/2021,600.38,563.22,614.64,554.73,4730000,6.74%
04/28/2021,562.49,568.8,578.8,539.59,2670000,-1.11%
04/27/2021,568.8,535.22,578.33,525.76,2950000,6.27%
04/26/2021,535.23,504.29,549.96,502.41,3250000,6.14%
04/25/2021,504.29,497.46,516.91,479.4,2640000,1.37%
04/24/2021,497.5,526.52,527.18,483.39,3160000,-5.52%
04/23/2021,526.56,505.12,529.95,450.94,7190000,4.10%
04/22/2021,505.84,543.3,582.15,482.81,6690000,-6.90%
04/21/2021,543.34,587.45,612.86,537.64,5960000,-7.52%
04/20/2021,587.5,503.98,588.98,474.35,5960000,16.57%
04/19/2021,503.97,481.47,539.96,469.31,5230000,4.68%
04/18/2021,481.42,515.1,520.0,429.96,4660000,-6.54%
04/17/2021,515.13,508.25,547.78,506.9,3060000,1.26%
04/16/2021,508.73,542.3,547.51,491.21,4330000,-6.19%
04/15/2021,542.31,549.65,556.32,534.85,2410000,-1.33%
04/14/2021,549.61,550.13,590.36,525.39,4360000,-0.09%
04/13/2021,550.1,596.59,602.31,533.3,5620000,-8.10%
04/12/2021,598.62,525.54,636.11,515.56,9530000,13.91%
04/11/2021,525.54,471.54,528.95,459.5,3770000,11.28%
04/10/2021,472.25,453.5,486.69,451.23,4810000,4.14%
04/09/2021,453.5,418.6,453.5,404.83,3800000,8.57%
04/08/2021,417.71,375.47,421.63,372.48,4250000,11.25%
04/07/2021,375.47,402.69,414.08,358.2,6400000,-6.76%
04/06/2021,402.69,367.41,411.6,364.2,4690000,9.60%
04/05/2021,367.41,349.36,379.45,335.86,3670000,5.16%
04/04/2021,349.37,321.91,352.21,316.54,2900000,8.66%
04/03/2021,321.53,338.82,348.99,316.06,3290000,-4.94%
04/02/2021,338.25,334.33,356.51,326.06,4450000,1.17%
04/01/2021,334.33,302.19,339.0,300.79,4610000,10.64%
03/31/2021,302.18,311.41,316.44,287.24,4950000,-2.96%
03/30/2021,311.41,275.12,311.41,271.3,5780000,13.19%
03/29/2021,275.12,268.87,277.49,264.92,2900000,2.32%
03/28/2021,268.87,269.31,281.24,261.24,3500000,-0.17%
03/27/2021,269.32,254.99,275.91,249.86,3290000,5.62%
03/26/2021,254.99,233.96,255.09,233.95,2790000,8.85%
03/25/2021,234.25,248.6,249.72,225.9,3740000,-5.77%
03/24/2021,248.59,255.45,268.6,240.41,3500000,-2.68%
03/23/2021,255.43,254.85,262.75,252.27,2820000,0.16%
03/22/2021,255.03,264.74,276.81,253.43,3440000,-3.67%
03/21/2021,264.74,264.39,267.92,257.12,2120000,0.24%
03/20/2021,264.1,263.14,274.49,261.65,2520000,0.36%
03/19/2021,263.15,261.28,269.0,255.39,2410000,0.79%
03/18/2021,261.09,269.85,277.73,257.7,3330000,-3.25%
03/17/2021,269.86,258.29,271.04,249.02,3020000,4.48%
03/16/2021,258.28,254.24,259.13,241.44,3190000,1.60%
03/15/2021,254.22,264.21,267.59,250.05,3540000,-3.79%
03/14/2021,264.25,275.89,276.77,264.25,2580000,-4.22%
03/13/2021,275.89,263.42,283.56,255.95,4110000,4.73%
03/12/2021,263.42,290.07,290.22,251.44,6190000,-9.19%
03/11/2021,290.07,278.15,314.44,272.98,6910000,4.29%
03/10/2021,278.15,293.0,295.31,268.74,6320000,-5.07%
03/09/2021,292.99,240.59,297.08,235.87,8180000,21.78%
03/08/2021,240.59,240.03,242.78,229.09,3210000,0.24%
03/07/2021,240.02,226.26,243.72,225.2,3710000,6.08%
03/06/2021,226.26,225.64,232.25,219.73,2840000,0.28%
03/05/2021,225.63,229.69,230.91,215.91,3900000,-1.77%
03/04/2021,229.7,240.62,249.66,225.65,4240000,-4.63%
03/03/2021,240.85,239.48,254.37,236.51,4510000,0.58%
03/02/2021,239.46,254.73,264.41,227.61,5710000,-5.99%
03/01/2021,254.72,210.04,259.51,209.51,8320000,21.27%
02/28/2021,210.04,225.54,228.47,195.22,6000000,-6.68%
02/27/2021,225.07,222.08,237.7,219.32,4460000,1.35%
02/26/2021,222.08,233.7,238.71,209.98,7820000,-4.97%
02/25/2021,233.7,254.26,264.46,232.19,7220000,-8.09%
02/24/2021,254.26,231.71,280.66,213.89,12300000,9.73%
02/23/2021,231.72,267.42,268.69,188.71,16500000,-13.35%
02/22/2021,267.43,293.77,295.15,222.44,13340000,-8.97%
02/21/2021,293.76,254.33,308.54,249.64,11490000,15.49%
02/20/2021,254.36,332.74,334.15,223.93,14420000,-23.56%
02/19/2021,332.74,195.74,346.82,195.07,21230000,69.99%
02/18/2021,195.74,165.38,199.66,163.11,11910000,18.36%
02/17/2021,165.38,130.09,175.33,126.91,10820000,27.13%
02/16/2021,130.09,129.99,133.43,126.34,3570000,0.08%
02/15/2021,129.98,135.97,142.07,118.64,5260000,-4.41%
02/14/2021,135.98,133.09,138.78,128.53,4900000,2.18%
02/13/2021,133.07,136.64,138.47,125.07,4200000,-2.52%
02/12/2021,136.52,124.03,140.93,121.1,6220000,10.07%
02/11/2021,124.03,128.73,132.76,118.07,6540000,-3.64%
02/10/2021,128.72,107.61,148.27,107.61,18370000,19.62%
02/09/2021,107.6,79.73,115.33,78.23,13650000,35.00%
02/08/2021,79.71,68.41,79.75,67.72,8520000,16.53%
02/07/2021,68.4,72.86,74.62,64.35,6250000,-5.76%
02/06/2021,72.58,67.74,75.43,61.96,8970000,7.12%
02/05/2021,67.75,55.66,68.72,55.66,5750000,21.74%
02/04/2021,55.66,52.15,56.65,51.46,4520000,6.76%
02/03/2021,52.13,50.99,52.56,49.82,3410000,2.24%
02/02/2021,50.99,51.42,52.99,49.26,5780000,-0.82%
02/01/2021,51.42,44.31,52.32,43.43,7970000,16.13%
01/31/2021,44.27,44.77,45.78,43.35,2920000,-1.08%
01/30/2021,44.76,42.88,45.09,42.6,3240000,4.40%
01/29/2021,42.87,42.48,44.0,41.84,3910000,0.93%
01/28/2021,42.47,40.97,43.08,40.36,3350000,3.63%
01/27/2021,40.99,41.74,42.05,39.67,2930000,-1.80%
01/26/2021,41.74,41.78,42.51,39.87,3240000,-0.10%
01/25/2021,41.78,41.82,43.38,40.57,3140000,-0.11%
01/24/2021,41.82,40.92,42.2,40.36,2590000,2.22%
01/23/2021,40.92,40.87,41.83,39.5,2790000,0.11%
01/22/2021,40.87,38.69,41.35,36.92,3470000,5.66%
01/21/2021,38.68,42.57,42.63,38.37,3880000,-9.14%
01/20/2021,42.57,42.6,42.76,40.29,4230000,-0.13%
01/19/2021,42.62,45.36,47.19,41.75,5770000,-6.02%
01/18/2021,45.35,45.91,46.88,44.07,3370000,-0.93%
01/17/2021,45.78,43.1,46.69,40.94,4260000,6.21%
01/16/2021,43.1,40.92,44.1,40.68,3560000,5.35%
01/15/2021,40.91,41.88,42.54,38.87,3770000,-2.31%
01/14/2021,41.88,40.12,41.93,39.65,3590000,4.39%
01/13/2021,40.12,38.24,40.42,37.05,3910000,4.89%
01/12/2021,38.25,38.16,40.01,37.13,4380000,0.00%
01/11/2021,38.26,42.42,42.44,35.1,8520000,-9.84%
01/10/2021,42.43,43.84,45.12,40.14,5550000,-3.19%
01/09/2021,43.83,42.33,44.02,41.51,3560000,3.55%
01/08/2021,42.33,43.62,43.65,40.34,4690000,-3.01%
01/07/2021,43.64,42.22,44.47,41.41,6790000,3.45%
01/06/2021,42.19,41.79,42.19,40.5,5240000,0.95%
01/05/2021,41.79,41.12,41.79,38.86,4880000,1.68%
01/04/2021,41.1,41.25,43.21,38.09,6870000,-0.29%
01/03/2021,41.22,38.24,41.64,37.78,6340000,7.81%
01/02/2021,38.23,37.73,38.46,36.81,3940000,1.35%
01/01/2021,37.72,37.33,38.93,36.98,3240000,1.04%
12/31/2020,37.34,38.1,38.19,36.73,2570000,-2.01%
12/30/2020,38.1,39.14,39.21,36.84,3380000,-2.56%
12/29/2020,39.1,35.94,39.7,35.31,9680000,8.80%
12/28/2020,35.94,33.64,36.09,33.35,5580000,6.72%
12/27/2020,33.68,33.6,34.97,31.97,4900000,0.26%
12/26/2020,33.59,33.18,34.0,32.57,3170000,1.23%
12/25/2020,33.18,32.51,33.48,31.8,3350000,2.06%
12/24/2020,32.51,31.19,32.74,30.4,3930000,4.22%
12/23/2020,31.19,33.52,34.43,30.03,5450000,-6.94%
12/22/2020,33.52,32.14,33.77,30.5,5010000,4.24%
12/21/2020,32.15,34.27,35.6,31.53,6150000,-6.18%
12/20/2020,34.27,33.3,35.63,32.61,5830000,2.92%
12/19/2020,33.3,30.96,34.21,30.91,5310000,7.56%
12/18/2020,30.96,30.22,31.21,29.69,2870000,2.43%
12/17/2020,30.22,30.56,31.51,29.76,4490000,-1.09%
12/16/2020,30.56,29.51,30.62,29.04,3090000,3.54%
12/15/2020,29.51,30.03,30.35,29.33,2610000,-1.71%
12/14/2020,30.03,29.14,30.18,28.66,2680000,3.05%
12/13/2020,29.14,28.17,29.26,28.02,2180000,3.53%
12/12/2020,28.14,27.34,28.23,27.28,1750000,2.98%
12/11/2020,27.33,27.73,27.79,26.73,1700000,-1.19%
12/10/2020,27.66,28.15,28.25,27.45,1740000,-1.71%
12/09/2020,28.14,27.63,28.42,26.94,2510000,1.67%
12/08/2020,27.68,29.36,29.52,27.47,2860000,-5.76%
12/07/2020,29.37,29.49,29.65,29.0,1640000,-0.66%
12/06/2020,29.56,29.73,30.17,29.01,1720000,-0.57%
12/05/2020,29.73,29.02,30.04,28.65,2340000,2.41%
12/04/2020,29.03,30.68,31.19,28.81,2670000,-5.44%
12/03/2020,30.7,30.3,30.79,29.89,2430000,1.33%
12/02/2020,30.3,30.08,30.99,29.61,2930000,0.30%
12/01/2020,30.21,31.42,31.88,29.23,4150000,-4.08%
11/30/2020,31.49,30.1,31.59,29.72,3820000,4.67%
11/29/2020,30.09,29.15,30.45,28.92,3780000,3.18%
11/28/2020,29.16,28.46,29.61,27.92,3540000,2.52%
11/27/2020,28.44,28.22,28.71,27.23,3260000,0.78%
11/26/2020,28.22,31.28,31.76,26.45,8780000,-9.80%
11/25/2020,31.29,33.93,35.38,30.54,6280000,-7.74%
11/24/2020,33.91,32.33,35.13,31.59,9720000,9.46%
11/23/2020,30.98,30.04,31.06,29.8,3940000,3.14%
11/22/2020,30.04,30.49,31.12,29.0,3920000,-1.50%
11/21/2020,30.5,28.96,30.79,28.33,4240000,5.31%
11/20/2020,28.96,28.12,29.3,28.08,3350000,3.05%
11/19/2020,28.1,28.07,28.35,27.62,2770000,0.10%
11/18/2020,28.07,28.55,28.77,27.51,3080000,-1.70%
11/17/2020,28.56,27.95,28.75,27.93,3060000,2.12%
11/16/2020,27.96,27.67,28.21,27.45,2360000,1.08%
11/15/2020,27.66,27.92,28.22,27.08,2040000,-0.90%
11/14/2020,27.91,28.21,28.21,27.39,2100000,-0.98%
11/13/2020,28.19,27.71,28.51,27.52,2650000,1.75%
11/12/2020,27.71,28.0,28.15,27.31,2300000,-1.02%
11/11/2020,27.99,28.21,28.58,27.83,2660000,-0.72%
11/10/2020,28.19,28.09,28.48,27.67,3000000,0.38%
11/09/2020,28.09,28.38,28.94,27.36,3050000,-1.05%
11/08/2020,28.38,27.76,28.7,27.46,3210000,2.24%
11/07/2020,27.76,29.06,29.86,26.9,4360000,-4.46%
11/06/2020,29.06,27.69,29.44,27.68,3830000,4.94%
11/05/2020,27.69,26.94,27.89,26.68,3380000,2.77%
11/04/2020,26.94,26.88,26.96,25.95,3010000,0.26%
11/03/2020,26.87,27.8,27.8,25.84,3630000,-3.33%
11/02/2020,27.8,28.52,29.3,27.8,2950000,-2.50%
11/01/2020,28.51,28.51,28.68,28.08,2650000,0.00%
10/31/2020,28.51,28.49,28.88,28.13,2770000,0.07%
10/30/2020,28.49,29.87,30.25,27.58,4410000,-4.60%
10/29/2020,29.86,30.33,30.42,29.49,2760000,-1.55%
10/28/2020,30.33,31.49,31.93,29.81,3110000,-3.71%
10/27/2020,31.5,31.04,32.37,30.91,3980000,1.48%
10/26/2020,31.04,30.15,31.39,29.96,3650000,2.96%
10/25/2020,30.15,30.63,30.96,29.9,2120000,-1.60%
10/24/2020,30.64,30.64,30.85,30.42,2250000,0.02%
10/23/2020,30.64,30.64,31.17,30.09,2810000,-0.03%
10/22/2020,30.65,29.74,31.29,29.71,3870000,3.05%
10/21/2020,29.74,28.78,30.39,28.64,3690000,3.28%
10/20/2020,28.8,29.92,30.08,28.5,3550000,-3.74%
10/19/2020,29.92,30.65,30.66,29.74,2450000,-2.44%
10/18/2020,30.66,30.22,31.01,30.17,3100000,1.43%
10/17/2020,30.23,30.02,30.56,29.68,2570000,0.71%
10/16/2020,30.02,31.29,31.96,29.57,4090000,-4.13%
10/15/2020,31.31,30.84,31.65,30.43,3670000,1.52%
10/14/2020,30.84,30.73,31.32,30.4,3390000,0.39%
10/13/2020,30.72,30.66,31.78,30.21,4540000,0.00%
10/12/2020,30.72,28.52,31.09,28.44,5870000,7.71%
10/11/2020,28.52,28.41,28.72,27.91,3210000,0.51%
10/10/2020,28.38,28.4,29.24,28.11,3230000,0.00%
10/09/2020,28.38,27.69,28.51,27.48,3470000,2.49%
10/08/2020,27.69,27.7,27.8,26.54,3350000,0.00%
10/07/2020,27.7,27.69,27.9,26.84,2810000,0.00%
10/06/2020,27.7,28.58,28.98,27.26,3780000,-3.12%
10/05/2020,28.59,29.01,29.25,28.1,3050000,-1.46%
10/04/2020,29.01,28.19,29.1,28.01,4090000,2.97%
10/03/2020,28.18,27.31,28.38,27.08,3900000,3.22%
10/02/2020,27.3,27.45,28.16,25.71,5510000,-0.66%
10/01/2020,27.48,29.27,29.38,26.26,5340000,-6.28%
09/30/2020,29.32,28.81,29.55,27.9,4130000,1.79%
09/29/2020,28.81,26.99,28.99,26.9,4800000,6.76%
09/28/2020,26.98,26.23,27.7,25.85,4280000,2.87%
09/27/2020,26.23,26.18,26.87,25.54,3430000,0.13%
09/26/2020,26.2,24.68,26.46,24.48,4140000,6.14%
09/25/2020,24.68,24.57,25.06,23.78,3800000,0.44%
09/24/2020,24.57,22.81,24.66,22.59,4390000,7.74%
09/23/2020,22.81,24.04,24.32,22.47,4210000,-5.10%
09/22/2020,24.03,23.03,24.55,22.75,4430000,4.35%
09/21/2020,23.03,26.32,26.65,22.32,7100000,-12.64%
09/20/2020,26.37,27.2,27.31,25.14,3940000,-3.06%
09/19/2020,27.2,27.66,27.95,26.66,3360000,-1.70%
09/18/2020,27.67,27.06,28.73,26.65,5750000,2.26%
09/17/2020,27.06,27.83,28.78,26.06,6220000,-2.76%
09/16/2020,27.83,27.12,28.43,25.94,7790000,2.64%
09/15/2020,27.11,31.14,31.14,26.75,10690000,-12.83%
09/14/2020,31.1,31.14,33.35,29.05,12310000,-0.18%
09/13/2020,31.16,28.5,32.32,28.13,15130000,9.31%
09/12/2020,28.5,25.4,28.52,25.39,9430000,12.20%
09/11/2020,25.4,24.53,25.68,23.11,5400000,3.55%
09/10/2020,24.53,24.49,25.54,24.1,6220000,0.18%
09/09/2020,24.49,23.24,24.51,22.46,5970000,5.38%
09/08/2020,23.24,22.45,23.41,21.3,7720000,3.52%
09/07/2020,22.45,23.18,23.55,20.13,7460000,-3.17%
09/06/2020,23.18,19.47,23.44,18.58,10830000,19.08%
09/05/2020,19.47,20.96,21.53,18.02,5880000,-7.10%
09/04/2020,20.95,20.33,21.83,19.42,8410000,3.05%
09/03/2020,20.33,24.7,25.54,20.18,10460000,-17.69%
09/02/2020,24.7,24.72,25.81,23.23,8960000,-0.08%
09/01/2020,24.72,23.13,25.39,22.87,6860000,6.87%
08/31/2020,23.13,23.63,23.9,22.99,2940000,-2.09%
08/30/2020,23.63,22.94,23.83,22.91,3130000,2.98%
08/29/2020,22.94,23.07,23.5,22.75,2890000,-0.54%
08/28/2020,23.07,23.1,23.57,22.62,3870000,-0.16%
08/27/2020,23.11,22.2,23.14,21.83,4460000,4.09%
08/26/2020,22.2,21.39,22.48,21.28,3850000,3.76%
08/25/2020,21.39,22.61,22.63,20.99,3530000,-5.36%
08/24/2020,22.61,21.85,22.96,21.67,2440000,3.49%
08/23/2020,21.84,22.19,22.22,21.55,2560000,-1.61%
08/22/2020,22.2,22.09,22.26,21.29,3000000,0.62%
08/21/2020,22.06,23.07,23.33,21.63,3850000,-4.36%
08/20/2020,23.07,22.35,23.3,22.02,3310000,3.20%
08/19/2020,22.35,23.01,23.25,21.86,3270000,-2.85%
08/18/2020,23.01,23.51,23.77,22.37,3860000,-2.10%
08/17/2020,23.5,23.5,23.92,23.0,3630000,0.00%
08/16/2020,23.5,23.02,23.77,22.72,3880000,2.15%
08/15/2020,23.01,23.11,23.78,22.81,3930000,-0.45%
08/14/2020,23.11,21.78,23.29,21.27,5340000,6.13%
08/13/2020,21.78,21.5,21.86,20.64,4380000,1.28%
08/12/2020,21.5,21.27,21.97,20.6,3570000,1.10%
08/11/2020,21.27,22.63,22.72,20.7,4550000,-6.01%
08/10/2020,22.63,22.44,22.78,22.08,3060000,0.84%
08/09/2020,22.44,22.92,22.94,22.05,3040000,-2.12%
08/08/2020,22.92,22.34,22.92,21.86,3370000,2.63%
08/07/2020,22.33,22.75,23.0,21.5,4140000,-1.80%
08/06/2020,22.75,23.27,23.29,22.53,3640000,-2.30%
08/05/2020,23.28,22.3,23.54,22.09,5360000,4.39%
08/04/2020,22.3,22.07,22.44,21.52,3650000,1.07%
08/03/2020,22.07,21.0,22.49,20.72,4060000,5.07%
08/02/2020,21.0,21.63,22.15,19.26,5000000,-2.87%
08/01/2020,21.62,20.67,21.75,20.58,3860000,4.62%
07/31/2020,20.67,19.98,20.85,19.91,3350000,3.44%
07/30/2020,19.98,19.84,20.09,19.56,3180000,0.69%
07/29/2020,19.84,19.84,19.85,19.8,3430000,-1.61%
07/28/2020,20.17,19.79,20.62,19.46,5190000,1.87%
07/27/2020,19.79,19.55,20.18,18.45,5590000,1.23%
07/26/2020,19.55,19.8,20.25,19.34,4230000,-1.23%
07/25/2020,19.8,19.18,20.03,19.16,4410000,3.20%
07/24/2020,19.18,18.76,19.54,18.24,4120000,2.28%
07/23/2020,18.76,18.11,18.76,18.05,3660000,3.63%
07/22/2020,18.1,17.72,18.11,17.46,3390000,2.15%
07/21/2020,17.72,17.47,17.98,17.4,3290000,1.44%
07/20/2020,17.47,18.01,18.33,17.28,3680000,-3.00%
07/19/2020,18.01,17.13,18.1,16.9,3750000,5.10%
07/18/2020,17.13,17.07,17.32,16.83,2600000,0.36%
07/17/2020,17.07,17.15,17.48,16.99,2790000,-0.43%
07/16/2020,17.15,17.63,17.76,16.56,3200000,-2.73%
07/15/2020,17.63,18.09,18.15,17.44,2910000,-2.55%
07/14/2020,18.09,18.42,18.76,17.88,3430000,-1.77%
07/13/2020,18.42,18.31,18.99,17.73,4280000,0.62%
07/12/2020,18.31,17.62,18.59,17.6,4010000,3.89%
07/11/2020,17.62,17.3,17.68,17.03,3130000,1.85%
07/10/2020,17.3,16.83,17.33,16.44,2820000,2.76%
07/09/2020,16.84,17.28,17.47,16.49,2700000,-2.47%
07/08/2020,17.26,16.8,17.45,16.62,3230000,2.76%
07/07/2020,16.8,16.3,16.86,16.06,2770000,3.06%
07/06/2020,16.3,15.51,16.33,15.44,2470000,5.13%
07/05/2020,15.5,15.56,15.61,15.16,1830000,-0.34%
07/04/2020,15.56,15.28,15.63,15.23,2030000,1.84%
07/03/2020,15.28,15.36,15.48,15.26,1940000,-0.53%
07/02/2020,15.36,15.81,15.96,15.09,2260000,-2.88%
07/01/2020,15.81,15.4,15.88,15.34,2580000,2.66%
06/30/2020,15.4,15.46,15.54,15.25,2180000,-0.38%
06/29/2020,15.46,15.38,15.59,15.21,2660000,0.45%
06/28/2020,15.39,15.13,15.49,14.93,2930000,1.74%
06/27/2020,15.13,15.77,15.87,14.85,2550000,-4.05%
06/26/2020,15.77,15.91,15.99,15.58,2050000,-0.89%
06/25/2020,15.91,16.0,16.08,15.51,2080000,-0.58%
06/24/2020,16.0,16.39,16.64,15.98,2490000,-2.37%
06/23/2020,16.39,16.5,16.54,16.27,2480000,-0.68%
06/22/2020,16.5,15.97,16.52,15.96,2940000,3.33%
06/21/2020,15.97,16.06,16.31,15.94,2300000,-0.54%
06/20/2020,16.06,15.97,16.09,15.72,2420000,0.50%
06/19/2020,15.98,16.15,16.28,15.91,2320000,-1.10%
06/18/2020,16.15,16.4,16.53,15.91,2480000,-1.47%
06/17/2020,16.4,16.43,16.62,16.01,2660000,-0.19%
06/16/2020,16.43,16.38,16.62,16.16,3000000,0.31%
06/15/2020,16.38,16.56,16.6,15.54,2880000,-1.12%
06/14/2020,16.56,16.81,16.84,16.43,3140000,-1.46%
06/13/2020,16.81,16.64,16.81,16.49,3570000,1.01%
06/12/2020,16.64,16.23,16.78,16.1,3420000,2.54%
06/11/2020,16.23,17.39,17.49,15.98,3250000,-6.70%
06/10/2020,17.39,17.37,17.57,17.25,3290000,0.13%
06/09/2020,17.37,17.43,17.51,17.12,3020000,-0.33%
06/08/2020,17.43,17.42,17.54,17.26,3050000,0.07%
06/07/2020,17.42,17.56,17.64,16.91,3350000,-0.81%
06/06/2020,17.56,17.7,17.79,17.51,3740000,-0.78%
06/05/2020,17.7,17.52,17.89,17.45,4210000,1.01%
06/04/2020,17.52,17.56,17.67,17.08,3990000,-0.22%
06/03/2020,17.56,17.28,17.62,17.04,4480000,1.58%
06/02/2020,17.28,17.92,18.19,16.78,4460000,-3.56%
06/01/2020,17.92,17.1,18.08,16.99,5280000,4.75%
05/31/2020,17.11,17.73,18.16,16.87,4770000,-3.51%
05/30/2020,17.73,17.0,17.78,16.94,5420000,4.28%
05/29/2020,17.0,17.08,17.18,16.68,4860000,-0.44%
05/28/2020,17.08,16.46,17.14,16.39,5320000,3.75%
05/27/2020,16.46,16.22,16.5,16.16,5010000,1.51%
05/26/2020,16.22,16.38,16.49,15.97,4380000,-0.99%
05/25/2020,16.38,15.98,16.4,15.87,5080000,2.32%
05/24/2020,16.01,16.47,16.79,16.01,4920000,-2.83%
05/23/2020,16.47,16.59,16.84,16.33,4930000,-0.74%
05/22/2020,16.59,16.08,16.89,15.92,5330000,3.16%
05/21/2020,16.09,16.9,17.05,15.76,4810000,-4.79%
05/20/2020,16.9,17.2,17.33,16.55,5210000,-1.78%
05/19/2020,17.2,16.63,17.23,16.31,6670000,3.43%
05/18/2020,16.63,16.29,16.87,16.2,6390000,2.13%
05/17/2020,16.29,16.05,16.51,16.0,5490000,1.45%
05/16/2020,16.05,15.71,16.27,15.58,6450000,2.16%
05/15/2020,15.71,16.36,16.53,15.56,6040000,-4.10%
05/14/2020,16.39,16.12,16.64,15.28,7310000,1.68%
05/13/2020,16.11,15.76,16.31,14.97,6710000,2.25%
05/12/2020,15.76,15.09,16.23,14.21,7370000,4.21%
05/11/2020,15.12,15.28,15.56,14.05,8350000,-1.03%
05/10/2020,15.28,16.81,16.81,14.03,9580000,-9.08%
05/09/2020,16.81,17.14,17.49,16.81,6060000,-1.94%
05/08/2020,17.14,16.99,17.43,16.83,5510000,0.85%
05/07/2020,17.0,16.37,17.24,16.2,6910000,3.82%
05/06/2020,16.37,16.86,17.14,16.34,5720000,-2.89%
05/05/2020,16.86,17.02,17.31,16.58,5690000,-0.97%
05/04/2020,17.02,17.11,17.3,16.31,5970000,-0.48%
05/03/2020,17.11,17.52,17.81,16.86,5640000,-2.32%
05/02/2020,17.51,17.44,17.58,17.27,6120000,0.43%
05/01/2020,17.44,17.0,17.9,16.91,7220000,2.56%
04/30/2020,17.0,17.44,18.2,16.49,8820000,-2.47%
04/29/2020,17.43,16.32,17.54,16.28,8180000,6.80%
04/28/2020,16.32,16.49,16.54,16.14,6130000,-0.99%
04/27/2020,16.49,16.36,16.66,16.07,7520000,0.76%
04/26/2020,16.36,16.21,16.48,16.09,6660000,0.84%
04/25/2020,16.22,15.91,16.46,15.72,6320000,1.95%
04/24/2020,15.91,16.02,16.34,15.7,7750000,-0.63%
04/23/2020,16.02,15.7,16.41,15.4,9430000,2.03%
04/22/2020,15.7,15.1,15.84,14.91,8330000,3.94%
04/21/2020,15.1,14.98,15.48,14.75,7610000,0.92%
04/20/2020,14.96,16.06,16.66,14.87,8000000,-6.84%
04/19/2020,16.06,16.62,16.7,15.86,7230000,-3.36%
04/18/2020,16.62,15.63,16.83,12.85,9240000,6.33%
04/17/2020,15.63,15.64,15.94,12.96,6100000,0.00%
04/16/2020,15.63,14.57,15.75,12.96,9270000,7.26%
04/15/2020,14.57,15.6,15.92,14.5,8790000,-6.59%
04/14/2020,15.6,15.04,15.96,14.78,9840000,3.72%
04/13/2020,15.04,14.28,15.1,13.65,8990000,5.26%
04/12/2020,14.29,13.81,14.83,13.65,9120000,3.48%
04/11/2020,13.81,13.72,14.12,13.54,7740000,0.64%
04/10/2020,13.72,15.01,15.07,13.49,8570000,-8.61%
04/09/2020,15.01,15.1,15.22,14.69,9520000,-0.55%
04/08/2020,15.09,14.74,15.36,14.56,8180000,2.34%
04/07/2020,14.75,15.21,15.5,14.26,9530000,-2.89%
04/06/2020,15.19,13.69,15.22,13.63,10710000,10.97%
04/05/2020,13.69,13.76,13.96,13.41,9290000,-0.52%
04/04/2020,13.76,13.36,14.01,13.18,9730000,2.99%
04/03/2020,13.36,13.03,13.58,12.91,9590000,2.57%
04/02/2020,13.02,12.72,13.67,12.54,10320000,2.45%
04/01/2020,12.71,12.55,12.74,11.98,8570000,1.31%
03/31/2020,12.55,12.16,12.72,12.1,9560000,3.21%
03/30/2020,12.16,11.3,12.4,11.26,8220000,7.62%
03/29/2020,11.3,12.2,12.29,11.3,5360000,-7.25%
03/28/2020,12.18,12.34,12.38,11.65,6110000,-1.21%
03/27/2020,12.33,13.21,13.37,12.24,6380000,-6.64%
03/26/2020,13.21,12.34,13.27,12.19,7030000,7.02%
03/25/2020,12.34,12.35,12.7,11.61,7600000,0.00%
03/24/2020,12.34,12.19,12.56,11.37,9240000,1.24%
03/23/2020,12.19,11.15,12.49,10.84,10850000,9.24%
03/22/2020,11.16,12.11,12.48,11.05,10860000,-7.84%
03/21/2020,12.11,11.94,12.45,11.31,12140000,1.46%
03/20/2020,11.94,12.3,13.66,10.5,14040000,-2.95%
03/19/2020,12.3,10.4,12.69,10.25,12930000,18.24%
03/18/2020,10.4,10.29,10.44,9.67,9720000,1.12%
03/17/2020,10.29,9.42,10.49,9.34,10600000,9.15%
03/16/2020,9.42,10.4,10.41,8.47,13270000,-9.41%
03/15/2020,10.4,10.13,11.09,9.98,12620000,2.74%
03/14/2020,10.13,10.96,11.28,9.91,11210000,-7.64%
03/13/2020,10.96,9.25,11.45,6.5,24310000,18.54%
03/12/2020,9.25,16.54,16.66,8.98,18290000,-44.08%
03/11/2020,16.54,16.84,17.14,15.43,6000000,-1.78%
03/10/2020,16.84,16.55,17.49,16.37,7600000,1.74%
03/09/2020,16.55,16.89,17.51,15.61,9960000,-2.21%
03/08/2020,16.93,20.24,20.27,16.74,8060000,-16.38%
03/07/2020,20.24,21.37,21.49,19.73,5520000,-5.27%
03/06/2020,21.37,20.76,21.76,20.67,7110000,2.95%
03/05/2020,20.76,19.96,21.49,19.94,7030000,3.90%
03/04/2020,19.98,19.71,20.25,19.52,5960000,1.78%
03/03/2020,19.63,19.94,20.35,19.27,6650000,-1.53%
03/02/2020,19.93,18.95,20.25,18.63,8500000,5.52%
03/01/2020,18.89,19.28,20.23,18.38,8670000,-2.00%
02/29/2020,19.28,19.0,20.36,18.67,15680000,1.68%
02/28/2020,18.96,19.2,19.73,17.9,11360000,-1.29%
02/27/2020,19.2,18.76,19.65,17.68,7870000,2.39%
02/26/2020,18.76,20.25,20.66,17.94,9580000,-7.32%
02/25/2020,20.24,22.14,22.19,20.1,6530000,-8.61%
02/24/2020,22.14,22.81,23.34,21.46,6090000,-2.91%
02/23/2020,22.81,22.1,23.13,21.9,7430000,3.54%
02/22/2020,22.03,22.18,22.35,21.5,5690000,-0.59%
02/21/2020,22.16,22.11,22.99,21.76,6550000,0.23%
02/20/2020,22.11,22.32,22.79,21.01,6180000,-0.92%
02/19/2020,22.31,24.04,24.36,22.07,5860000,-7.18%
02/18/2020,24.04,23.46,24.5,22.8,5860000,2.51%
02/17/2020,23.45,23.4,23.63,21.57,6180000,0.22%
02/16/2020,23.4,24.28,25.3,21.82,6980000,-3.62%
02/15/2020,24.28,26.32,26.5,23.55,6710000,-7.77%
02/14/2020,26.32,25.48,26.55,25.04,6460000,3.09%
02/13/2020,25.53,26.43,27.2,24.66,6650000,-3.41%
02/12/2020,26.43,25.68,26.95,25.33,7070000,2.92%
02/11/2020,25.68,25.14,25.77,24.15,9660000,2.15%
02/10/2020,25.14,24.27,25.72,23.3,12230000,3.57%
02/09/2020,24.28,21.76,24.34,21.02,9150000,11.57%
02/08/2020,21.76,22.03,22.16,20.91,7000000,-1.21%
02/07/2020,22.03,20.62,22.51,20.47,9060000,6.83%
02/06/2020,20.62,19.25,20.78,19.03,7500000,7.11%
02/05/2020,19.25,18.17,19.44,16.71,6100000,5.94%
02/04/2020,18.17,18.46,18.61,18.17,4610000,-1.57%
02/03/2020,18.46,18.41,18.84,18.19,4900000,0.27%
02/02/2020,18.41,18.24,18.75,17.86,5580000,0.95%
02/01/2020,18.24,18.22,18.58,18.04,5520000,0.20%
01/31/2020,18.2,18.53,18.83,17.82,5400000,-1.79%
01/30/2020,18.53,17.9,18.68,17.7,5600000,3.54%
01/29/2020,17.9,18.03,18.41,17.82,4770000,-0.51%
01/28/2020,17.99,17.64,18.13,17.46,6030000,2.01%
01/27/2020,17.64,17.46,17.86,17.21,5110000,1.05%
01/26/2020,17.46,16.96,17.52,16.82,5910000,2.94%
01/25/2020,16.96,17.07,17.11,16.61,4870000,-0.55%
01/24/2020,17.05,17.03,17.43,16.44,4710000,0.07%
01/23/2020,17.04,17.79,17.83,16.75,5150000,-4.26%
01/22/2020,17.8,18.08,18.71,17.56,5180000,-1.61%
01/21/2020,18.09,17.31,18.19,17.21,6570000,4.50%
01/20/2020,17.31,17.36,17.56,16.81,5620000,-0.32%
01/19/2020,17.36,17.81,18.45,16.73,6200000,-2.50%
01/18/2020,17.81,18.08,18.35,17.45,5400000,-1.46%
01/17/2020,18.07,17.04,18.43,17.03,7330000,6.04%
01/16/2020,17.04,17.62,17.7,16.35,5680000,-3.28%
01/15/2020,17.62,16.65,18.14,16.14,8410000,5.80%
01/14/2020,16.65,15.18,16.89,15.17,7280000,9.77%
01/13/2020,15.17,15.34,15.36,14.93,5710000,-1.05%
01/12/2020,15.33,14.94,15.46,14.82,5920000,2.58%
01/11/2020,14.94,15.06,15.34,14.75,4800000,-0.79%
01/10/2020,15.06,14.4,15.1,13.76,4960000,4.64%
01/09/2020,14.4,14.54,14.62,14.23,3910000,-0.98%
01/08/2020,14.54,15.03,15.32,14.23,4560000,-3.22%
01/07/2020,15.02,14.96,15.17,14.48,4880000,0.44%
01/06/2020,14.96,14.08,15.01,14.04,5530000,6.31%
01/05/2020,14.07,13.85,14.37,13.83,5180000,1.58%
01/04/2020,13.85,13.65,13.89,13.53,4880000,1.49%
01/03/2020,13.65,13.02,13.98,13.01,4840000,4.72%
01/02/2020,13.03,13.7,13.73,12.99,4490000,-4.85%
01/01/2020,13.7,13.73,13.88,13.65,4610000,-0.25%
